,Year,#,Team,Pts,Opp.Pts,Margin,Pace,Off. Eff,Def. Eff,Net Rtg.,EFg%,Opp. EFg%,Ts%,Opp. Ts%,Reb. %,Eff.,Opp. Eff.,Win,Loss
0,2019,1,Atlanta Hawks,112.93,119.21,-6.28,103.46,108.34,114.73,-6.4,0.521,0.541,0.555,0.58,50.07,125.25,138.43,28.0,53.0
1,2019,2,Brooklyn Nets,112.24,112.32,-0.07,100.3,110.23,110.23,-0.01,0.52,0.512,0.556,0.5479999999999999,50.18,122.98,127.0,42.0,40.0
2,2019,3,Boston Celtics,112.39,107.95,4.44,98.97,112.98,108.22,4.77,0.534,0.514,0.5670000000000001,0.55,49.25,132.42,119.59,49.0,33.0
3,2019,4,Charlotte Hornets,110.74,111.84,-1.1,97.84,112.33,113.52,-1.18,0.514,0.5379999999999999,0.5539999999999999,0.57,48.91,124.0,131.99,39.0,43.0
4,2019,5,Chicago Bulls,104.94,113.35,-8.42,98.22,105.64,114.32,-8.68,0.505,0.541,0.541,0.573,48.03,115.37,133.38,22.0,60.0
5,2019,6,Cleveland Cavaliers,104.48,114.09,-9.61,96.02,108.39,118.4,-10.02,0.503,0.564,0.54,0.593,49.16,111.07,135.65,19.0,63.0
6,2019,7,Dallas Mavericks,108.72,109.96,-1.25,98.33,109.99,111.44,-1.44,0.517,0.521,0.5539999999999999,0.556,50.26,119.91,125.95,33.0,48.0
7,2019,8,Denver Nuggets,110.86,106.9,3.96,97.1,113.89,109.94,3.95,0.528,0.522,0.5579999999999999,0.557,52.23,130.79,121.17,53.0,28.0
8,2019,9,Detroit Pistons,107.24,107.44,-0.21,96.56,110.06,110.19,-0.13,0.51,0.527,0.545,0.563,50.75,117.53,122.3,41.0,40.0
9,2019,10,Golden State Warriors,117.68,111.22,6.46,100.25,116.65,109.87,6.78,0.564,0.508,0.596,0.546,51.04,143.79,121.99,57.0,25.0
10,2019,11,Houston Rockets,113.92,109.15,4.77,96.04,117.72,112.95,4.77,0.542,0.525,0.581,0.562,48.08,124.81,123.77,53.0,29.0
11,2019,12,Indiana Pacers,108.01,104.68,3.33,97.24,110.93,107.46,3.47,0.53,0.516,0.561,0.5489999999999999,49.63,126.4,118.01,48.0,34.0
12,2019,13,Los Angeles Clippers,114.91,114.12,0.79,101.24,112.81,111.85,0.97,0.528,0.514,0.574,0.556,49.82,129.72,130.22,47.0,34.0
13,2019,14,Los Angeles Lakers,111.62,113.58,-1.96,102.29,108.56,110.62,-2.06,0.526,0.516,0.5539999999999999,0.552,49.76,126.22,129.91,36.0,45.0
14,2019,15,Memphis Grizzlies,103.54,106.13,-2.6,95.71,107.09,109.76,-2.67,0.508,0.521,0.5479999999999999,0.563,48.31,118.17,121.13,33.0,49.0
15,2019,16,Miami Heat,105.71,105.94,-0.23,97.29,108.38,108.36,0.02,0.515,0.51,0.542,0.547,51.19,120.34,118.48,39.0,43.0
16,2019,17,Milwaukee Bucks,118.12,109.26,8.87,100.98,116.39,107.62,8.78,0.55,0.503,0.583,0.532,52.36,141.02,119.38,60.0,22.0
17,2019,18,Minnesota Timberwolves,112.49,113.88,-1.38,99.44,112.26,113.75,-1.49,0.512,0.537,0.552,0.57,49.58,128.03,130.12,36.0,45.0
18,2019,19,New Orleans Pelicans,115.38,116.61,-1.22,102.56,112.08,113.29,-1.21,0.529,0.532,0.563,0.5660000000000001,50.8,133.96,134.78,33.0,48.0
19,2019,20,New York Knicks,104.57,113.78,-9.21,98.75,105.36,114.79,-9.43,0.49,0.5329999999999999,0.529,0.568,48.47,112.07,133.83,17.0,65.0
20,2019,21,Oklahoma City Thunder,114.48,111.07,3.4,102.1,111.13,107.92,3.21,0.514,0.523,0.545,0.56,51.28,128.31,125.22,49.0,33.0
21,2019,22,Orlando Magic,107.32,106.61,0.71,97.35,109.69,108.83,0.86,0.518,0.515,0.55,0.55,50.42,124.85,120.92,42.0,40.0
22,2019,23,Philadelphia 76ers,115.18,112.49,2.7,101.28,113.01,110.3,2.71,0.532,0.512,0.574,0.55,52.35,135.07,123.4,51.0,31.0
23,2019,24,Phoenix Suns,107.5,116.84,-9.34,99.82,106.62,116.01,-9.39,0.514,0.545,0.552,0.5820000000000001,46.12,118.37,136.22,19.0,63.0
24,2019,25,Portland Trailblazers,114.66,110.46,4.2,98.93,114.88,111.06,3.82,0.528,0.516,0.569,0.552,52.82,131.44,122.92,53.0,29.0
25,2019,26,Sacramento Kings,114.05,115.24,-1.19,102.55,110.93,111.91,-0.98,0.524,0.532,0.5529999999999999,0.568,48.63,128.51,131.3,38.0,43.0
26,2019,27,San Antonio Spurs,111.66,109.98,1.68,97.52,113.78,111.79,1.99,0.534,0.528,0.5720000000000001,0.5579999999999999,50.46,130.04,125.0,48.0,34.0
27,2019,28,Toronto Raptors,114.44,108.35,6.09,99.43,113.94,108.09,5.85,0.5429999999999999,0.509,0.579,0.545,50.24,134.16,120.82,58.0,24.0
28,2019,29,Utah Jazz,111.72,106.46,5.26,99.34,112.03,106.39,5.65,0.5379999999999999,0.507,0.5720000000000001,0.542,52.12,130.6,116.34,50.0,32.0
29,2019,30,Washington Wizards,114.12,116.84,-2.72,100.77,111.82,114.55,-2.73,0.532,0.546,0.5670000000000001,0.58,47.27,128.77,135.12,32.0,49.0
30,2018,1,Atlanta Hawks,103.35,108.81,-5.45,97.32,106.07,111.69,-5.62,0.512,0.536,0.547,0.568,48.64,114.29,127.88,24.0,58.0
31,2018,2,Brooklyn Nets,106.6,110.34,-3.74,98.06,107.75,111.66,-3.91,0.514,0.517,0.551,0.5529999999999999,48.7,117.81,126.76,28.0,54.0
32,2018,3,Boston Celtics,104.01,100.43,3.59,95.37,108.37,104.81,3.56,0.518,0.495,0.552,0.532,50.35,118.01,110.95,55.0,27.0
33,2018,4,Charlotte Hornets,108.22,107.96,0.26,97.42,110.52,110.36,0.17,0.508,0.5329999999999999,0.5489999999999999,0.564,50.97,119.81,124.48,36.0,46.0
34,2018,5,Chicago Bulls,102.93,109.96,-7.04,97.4,104.74,112.07,-7.33,0.49700000000000005,0.542,0.529,0.575,49.47,114.06,130.76,27.0,55.0
35,2018,6,Cleveland Cavaliers,110.87,109.93,0.94,97.44,113.5,112.62,0.88,0.547,0.54,0.583,0.568,49.11,124.45,126.99,50.0,32.0
36,2018,7,Dallas Mavericks,102.31,105.34,-3.04,95.04,106.96,110.35,-3.39,0.513,0.532,0.544,0.5660000000000001,47.41,113.09,123.27,24.0,58.0
37,2018,8,Denver Nuggets,110.0,108.52,1.48,96.12,113.29,111.59,1.7,0.536,0.539,0.57,0.5670000000000001,51.68,126.7,123.5,46.0,36.0
38,2018,9,Detroit Pistons,103.76,103.89,-0.13,95.43,108.04,108.33,-0.29,0.512,0.524,0.542,0.555,49.99,116.15,120.43,39.0,43.0
39,2018,10,Golden State Warriors,110.5,104.87,5.63,97.29,113.35,106.9,6.45,0.57,0.505,0.604,0.54,50.62,137.05,114.6,58.0,24.0
40,2018,11,Houston Rockets,112.35,103.87,8.49,96.77,115.67,107.15,8.52,0.551,0.521,0.59,0.551,50.83,126.4,115.2,65.0,17.0
41,2018,12,Indiana Pacers,105.56,104.18,1.38,95.34,110.3,108.76,1.54,0.525,0.527,0.557,0.5579999999999999,49.64,120.43,117.7,48.0,34.0
42,2018,13,Los Angeles Clippers,108.99,108.94,0.05,97.94,111.14,110.86,0.28,0.527,0.52,0.564,0.557,50.18,121.65,125.23,42.0,40.0
43,2018,14,Los Angeles Lakers,108.07,109.62,-1.55,99.36,107.54,109.0,-1.46,0.517,0.515,0.5479999999999999,0.5489999999999999,50.85,120.96,123.87,35.0,47.0
44,2018,15,Memphis Grizzlies,99.33,105.54,-6.21,94.15,105.37,111.84,-6.47,0.5,0.529,0.539,0.573,48.82,108.73,120.0,22.0,60.0
45,2018,16,Miami Heat,103.42,102.94,0.48,94.65,107.89,107.04,0.85,0.52,0.507,0.551,0.5479999999999999,50.19,117.52,114.39,44.0,38.0
46,2018,17,Milwaukee Bucks,106.48,106.78,-0.3,95.5,110.65,110.99,-0.35,0.531,0.528,0.5710000000000001,0.568,48.28,122.18,120.38,44.0,38.0
47,2018,18,Minnesota Timberwolves,109.51,107.27,2.24,95.44,114.02,111.81,2.21,0.523,0.539,0.5660000000000001,0.573,50.12,125.2,120.65,47.0,35.0
48,2018,19,New Orleans Pelicans,109.07,107.45,1.62,98.6,109.15,107.22,1.94,0.542,0.512,0.574,0.546,49.34,129.11,119.94,48.0,34.0
49,2018,20,New York Knicks,104.46,108.01,-3.55,96.24,107.72,111.37,-3.65,0.51,0.522,0.544,0.5589999999999999,50.5,118.35,123.02,29.0,53.0
50,2018,21,Oklahoma City Thunder,107.83,104.39,3.44,96.0,111.47,108.12,3.35,0.514,0.525,0.546,0.56,51.64,119.79,116.62,48.0,34.0
51,2018,22,Orlando Magic,103.4,108.22,-4.82,97.27,106.04,110.95,-4.91,0.512,0.524,0.545,0.5579999999999999,47.62,114.99,126.17,25.0,57.0
52,2018,23,Philadelphia 76ers,109.79,105.31,4.49,99.12,110.21,105.64,4.57,0.535,0.49200000000000005,0.568,0.532,52.93,130.46,112.98,52.0,30.0
53,2018,24,Phoenix Suns,103.9,113.28,-9.38,99.48,104.31,113.91,-9.6,0.495,0.532,0.532,0.569,49.03,110.82,131.39,21.0,61.0
54,2018,25,Portland Trailblazers,105.61,103.02,2.59,95.75,109.89,107.45,2.43,0.511,0.503,0.5489999999999999,0.539,51.45,117.82,113.23,49.0,33.0
55,2018,26,Sacramento Kings,98.81,105.82,-7.01,94.17,104.53,111.98,-7.45,0.502,0.542,0.529,0.5760000000000001,48.33,108.27,123.31,27.0,55.0
56,2018,27,San Antonio Spurs,102.73,99.84,2.89,94.42,108.53,105.68,2.85,0.507,0.507,0.5429999999999999,0.539,50.95,119.23,111.39,47.0,35.0
57,2018,28,Toronto Raptors,111.65,103.88,7.77,96.62,114.68,106.82,7.86,0.539,0.501,0.575,0.541,50.91,130.29,113.73,59.0,23.0
58,2018,29,Utah Jazz,104.13,99.84,4.29,95.05,109.14,104.35,4.79,0.527,0.506,0.564,0.5429999999999999,50.96,120.06,109.38,48.0,34.0
59,2018,30,Washington Wizards,106.61,106.0,0.61,96.18,109.87,109.32,0.55,0.525,0.522,0.56,0.56,50.33,122.37,117.88,43.0,39.0
60,2017,1,Atlanta Hawks,103.16,104.01,-0.85,96.71,105.59,106.72,-1.13,0.504,0.507,0.541,0.541,50.26,115.88,117.63,43.0,39.0
61,2017,2,Brooklyn Nets,105.77,112.5,-6.73,100.47,104.87,111.52,-6.65,0.507,0.513,0.551,0.552,48.21,114.5,130.0,20.0,62.0
62,2017,3,Boston Celtics,108.01,105.38,2.63,95.96,112.13,109.46,2.67,0.525,0.503,0.5670000000000001,0.545,48.52,123.31,118.92,53.0,29.0
63,2017,4,Charlotte Hornets,104.89,104.7,0.2,94.66,109.97,109.71,0.26,0.501,0.523,0.547,0.5539999999999999,49.54,120.23,122.16,36.0,46.0
64,2017,5,Chicago Bulls,102.87,102.44,0.43,94.99,107.74,107.5,0.24,0.48700000000000004,0.507,0.53,0.54,51.74,118.38,116.84,41.0,41.0
65,2017,6,Cleveland Cavaliers,110.34,107.16,3.18,95.41,114.49,110.89,3.6,0.547,0.516,0.58,0.5489999999999999,49.73,123.27,122.85,51.0,31.0
66,2017,7,Dallas Mavericks,97.92,100.84,-2.93,91.85,106.06,109.39,-3.33,0.505,0.529,0.541,0.568,46.43,107.49,114.98,33.0,49.0
67,2017,8,Denver Nuggets,111.72,111.21,0.51,97.59,114.04,113.63,0.41,0.53,0.532,0.568,0.5670000000000001,53.2,127.81,126.76,40.0,42.0
68,2017,9,Detroit Pistons,101.33,102.45,-1.12,94.17,106.92,107.91,-0.99,0.49200000000000005,0.516,0.521,0.5539999999999999,51.58,113.17,117.98,37.0,45.0
69,2017,10,Golden State Warriors,115.89,104.26,11.63,98.97,116.5,104.7,11.8,0.563,0.486,0.597,0.525,50.53,143.83,112.17,67.0,15.0
70,2017,11,Houston Rockets,115.34,109.57,5.77,99.34,115.53,109.9,5.63,0.545,0.519,0.583,0.556,50.17,129.79,124.28,55.0,27.0
71,2017,12,Indiana Pacers,105.1,105.32,-0.22,95.47,109.12,109.34,-0.23,0.516,0.512,0.5579999999999999,0.555,48.69,120.04,119.29,42.0,40.0
72,2017,13,Los Angeles Clippers,108.67,104.38,4.29,95.55,113.3,109.03,4.27,0.537,0.506,0.574,0.546,49.94,123.22,116.06,51.0,31.0
73,2017,14,Los Angeles Lakers,104.57,111.45,-6.88,98.01,106.56,113.57,-7.01,0.501,0.542,0.537,0.5770000000000001,49.48,112.99,131.34,26.0,56.0
74,2017,15,Memphis Grizzlies,100.48,99.99,0.49,91.6,108.45,107.7,0.75,0.491,0.506,0.535,0.552,50.39,112.0,109.96,43.0,39.0
75,2017,16,Miami Heat,103.17,102.11,1.06,94.2,108.97,107.51,1.45,0.512,0.496,0.541,0.54,50.02,115.22,112.5,41.0,41.0
76,2017,17,Milwaukee Bucks,103.62,103.81,-0.18,93.77,109.95,109.89,0.06,0.527,0.518,0.565,0.557,48.76,120.0,118.11,42.0,40.0
77,2017,18,Minnesota Timberwolves,105.57,106.68,-1.11,94.16,111.42,112.34,-0.93,0.511,0.535,0.555,0.5710000000000001,51.21,120.89,120.11,31.0,51.0
78,2017,19,New Orleans Pelicans,104.34,106.44,-2.1,97.23,106.1,108.17,-2.07,0.504,0.509,0.539,0.542,47.48,118.4,122.5,34.0,48.0
79,2017,20,New York Knicks,104.34,108.01,-3.67,95.6,108.18,112.17,-3.99,0.496,0.511,0.534,0.551,50.26,117.37,121.12,31.0,51.0
80,2017,21,Oklahoma City Thunder,106.6,105.84,0.76,97.1,109.09,108.6,0.49,0.5,0.511,0.54,0.551,53.42,117.95,116.87,47.0,35.0
81,2017,22,Orlando Magic,101.07,107.65,-6.57,95.67,104.98,111.58,-6.6,0.489,0.523,0.524,0.5589999999999999,48.68,111.39,125.68,29.0,53.0
82,2017,23,Philadelphia 76ers,102.44,108.13,-5.7,97.96,103.78,109.65,-5.87,0.501,0.512,0.539,0.555,48.78,113.99,123.05,28.0,54.0
83,2017,24,Phoenix Suns,107.7,113.33,-5.63,99.62,107.29,112.96,-5.67,0.493,0.525,0.5379999999999999,0.5720000000000001,50.52,115.84,126.15,24.0,58.0
84,2017,25,Portland Trailblazers,107.94,108.46,-0.52,96.18,110.82,111.58,-0.76,0.52,0.508,0.5589999999999999,0.5539999999999999,49.81,119.83,120.92,41.0,41.0
85,2017,26,Sacramento Kings,102.81,106.68,-3.88,94.19,108.05,112.1,-4.05,0.516,0.528,0.556,0.568,48.92,114.34,123.34,32.0,50.0
86,2017,27,San Antonio Spurs,105.33,98.13,7.2,93.5,111.94,104.07,7.86,0.524,0.49200000000000005,0.564,0.53,51.41,125.16,107.55,61.0,21.0
87,2017,28,Toronto Raptors,106.85,102.65,4.21,94.28,112.77,108.5,4.27,0.517,0.507,0.561,0.55,50.69,119.68,113.0,51.0,31.0
88,2017,29,Utah Jazz,100.71,96.77,3.94,90.36,111.03,106.63,4.4,0.526,0.493,0.563,0.531,51.82,114.61,103.94,51.0,31.0
89,2017,30,Washington Wizards,109.18,107.38,1.81,96.76,111.84,110.13,1.71,0.528,0.524,0.564,0.561,49.89,124.5,119.01,49.0,33.0
90,2016,1,Atlanta Hawks,102.63,99.1,3.54,96.52,105.53,102.15,3.38,0.516,0.48,0.552,0.518,47.5,120.71,111.39,48.0,34.0
91,2016,2,Brooklyn Nets,98.65,106.0,-7.35,94.83,103.63,111.11,-7.48,0.491,0.534,0.527,0.565,49.42,109.54,125.33,21.0,61.0
92,2016,3,Boston Celtics,105.72,102.51,3.21,98.18,107.13,104.04,3.1,0.488,0.48700000000000004,0.531,0.531,49.4,119.73,112.77,48.0,34.0
93,2016,4,Charlotte Hornets,103.4,100.68,2.72,95.02,107.86,105.21,2.65,0.502,0.496,0.545,0.534,49.6,117.4,115.57,48.0,34.0
94,2016,5,Chicago Bulls,101.65,103.12,-1.48,95.45,105.29,106.94,-1.65,0.48700000000000004,0.485,0.526,0.52,50.2,115.89,118.18,42.0,40.0
95,2016,6,Cleveland Cavaliers,104.33,98.33,6.0,92.72,111.52,105.01,6.51,0.524,0.496,0.5579999999999999,0.534,52.04,118.43,108.37,57.0,25.0
96,2016,7,Dallas Mavericks,102.29,102.6,-0.31,94.07,106.98,107.28,-0.31,0.502,0.504,0.544,0.54,48.49,114.32,116.22,42.0,40.0
97,2016,8,Denver Nuggets,101.89,104.99,-3.1,95.27,106.14,109.32,-3.19,0.489,0.515,0.531,0.5539999999999999,51.1,113.94,121.27,33.0,49.0
98,2016,9,Detroit Pistons,101.96,101.35,0.61,94.49,106.82,106.17,0.65,0.491,0.504,0.522,0.542,52.12,108.48,114.17,44.0,38.0
99,2016,10,Golden State Warriors,114.89,104.13,10.76,98.78,115.14,103.97,11.17,0.563,0.479,0.593,0.52,51.28,139.66,112.73,73.0,9.0
100,2016,11,Houston Rockets,106.55,106.35,0.2,97.14,108.86,108.59,0.27,0.516,0.516,0.5529999999999999,0.5539999999999999,49.1,117.09,121.6,41.0,41.0
101,2016,12,Indiana Pacers,102.16,100.45,1.71,96.31,105.0,103.26,1.74,0.49700000000000005,0.489,0.536,0.528,49.83,114.84,109.46,45.0,37.0
102,2016,13,Los Angeles Clippers,104.5,100.22,4.28,95.52,108.58,104.22,4.36,0.524,0.48,0.556,0.523,47.39,119.06,109.51,53.0,29.0
103,2016,14,Los Angeles Lakers,97.34,106.9,-9.56,95.31,101.88,112.01,-10.14,0.46,0.523,0.508,0.556,48.06,101.52,127.56,17.0,65.0
104,2016,15,Memphis Grizzlies,99.1,101.34,-2.24,92.76,106.03,108.25,-2.22,0.47700000000000004,0.518,0.524,0.563,49.08,109.62,114.89,42.0,40.0
105,2016,16,Miami Heat,100.04,98.4,1.64,92.91,106.85,104.9,1.95,0.508,0.485,0.545,0.525,51.68,115.85,107.17,48.0,34.0
106,2016,17,Milwaukee Bucks,99.04,103.23,-4.2,93.65,104.95,109.13,-4.18,0.499,0.51,0.537,0.551,49.26,113.63,118.99,33.0,49.0
107,2016,18,Minnesota Timberwolves,102.42,105.95,-3.54,94.83,106.91,110.35,-3.44,0.498,0.524,0.55,0.5589999999999999,49.79,116.38,118.82,29.0,53.0
108,2016,19,New Orleans Pelicans,102.72,106.51,-3.79,96.5,105.91,109.95,-4.04,0.498,0.523,0.537,0.564,48.96,113.98,123.54,30.0,52.0
109,2016,20,New York Knicks,98.22,100.88,-2.66,92.89,105.08,107.79,-2.72,0.483,0.48700000000000004,0.526,0.526,50.1,110.45,112.85,32.0,50.0
110,2016,21,Oklahoma City Thunder,110.22,102.94,7.28,96.34,113.54,106.07,7.47,0.524,0.484,0.5660000000000001,0.524,54.74,128.88,110.38,55.0,27.0
111,2016,22,Orlando Magic,102.06,103.68,-1.62,95.57,105.59,107.13,-1.54,0.5,0.513,0.5329999999999999,0.551,49.44,116.49,118.38,35.0,47.0
112,2016,23,Philadelphia 76ers,97.42,107.65,-10.23,97.29,99.5,110.23,-10.73,0.48700000000000004,0.51,0.519,0.555,46.44,104.24,127.18,10.0,72.0
113,2016,24,Phoenix Suns,100.87,107.52,-6.66,98.17,102.62,109.58,-6.97,0.48700000000000004,0.523,0.526,0.563,50.63,107.24,123.02,23.0,59.0
114,2016,25,Portland Trailblazers,105.15,104.32,0.83,95.82,109.04,108.47,0.57,0.511,0.503,0.5479999999999999,0.5429999999999999,51.0,116.42,116.42,44.0,38.0
115,2016,26,Sacramento Kings,106.59,109.06,-2.48,99.61,106.33,108.94,-2.62,0.51,0.521,0.546,0.557,49.56,119.85,124.13,33.0,49.0
116,2016,27,San Antonio Spurs,103.54,92.89,10.65,93.27,110.87,99.47,11.4,0.526,0.47700000000000004,0.563,0.514,52.01,126.81,100.18,67.0,15.0
117,2016,28,Toronto Raptors,102.71,98.21,4.5,92.13,110.92,105.99,4.93,0.504,0.498,0.552,0.535,51.56,115.33,108.59,56.0,26.0
118,2016,29,Utah Jazz,97.68,95.89,1.79,90.47,106.49,104.6,1.89,0.501,0.495,0.54,0.534,51.9,108.29,104.45,40.0,42.0
119,2016,30,Washington Wizards,104.07,104.56,-0.49,97.81,106.0,106.5,-0.5,0.511,0.515,0.544,0.555,48.59,116.67,117.61,41.0,41.0
120,2015,1,Atlanta Hawks,102.55,97.12,5.43,93.6,109.28,103.67,5.61,0.527,0.49200000000000005,0.564,0.528,48.18,120.76,109.82,60.0,22.0
121,2015,2,Brooklyn Nets,98.02,100.9,-2.88,92.35,104.81,107.61,-2.8,0.491,0.506,0.529,0.539,48.86,107.95,116.67,38.0,44.0
122,2015,3,Boston Celtics,101.37,101.21,0.16,95.47,105.11,105.08,0.03,0.489,0.494,0.523,0.5329999999999999,49.52,114.24,113.37,40.0,42.0
123,2015,4,Charlotte Hornets,94.16,97.33,-3.17,92.19,100.98,104.29,-3.31,0.456,0.48700000000000004,0.498,0.525,49.96,104.02,111.52,33.0,49.0
124,2015,5,Chicago Bulls,100.79,97.79,3.0,92.46,107.91,104.41,3.5,0.489,0.473,0.536,0.51,51.3,115.39,108.43,50.0,32.0
125,2015,6,Cleveland Cavaliers,103.13,98.66,4.48,92.18,111.32,106.66,4.66,0.52,0.502,0.557,0.535,51.1,115.71,112.93,53.0,29.0
126,2015,7,Dallas Mavericks,105.22,102.32,2.9,95.11,109.52,106.55,2.97,0.515,0.503,0.55,0.541,47.81,118.38,114.28,50.0,32.0
127,2015,8,Denver Nuggets,101.46,105.01,-3.55,95.7,104.96,108.7,-3.74,0.479,0.504,0.518,0.546,49.78,110.49,120.68,30.0,52.0
128,2015,9,Detroit Pistons,98.5,99.5,-1.0,92.45,105.73,106.92,-1.19,0.48200000000000004,0.502,0.515,0.539,50.45,109.21,115.79,32.0,50.0
129,2015,10,Golden State Warriors,109.95,99.85,10.1,96.56,113.58,102.76,10.82,0.54,0.469,0.5710000000000001,0.514,50.06,133.06,106.44,67.0,15.0
130,2015,11,Houston Rockets,103.93,100.49,3.44,94.9,108.82,105.09,3.74,0.512,0.486,0.5479999999999999,0.526,49.91,114.54,111.04,56.0,26.0
131,2015,12,Indiana Pacers,97.33,97.05,0.28,92.7,104.07,104.0,0.07,0.484,0.478,0.523,0.521,51.22,108.95,107.13,38.0,44.0
132,2015,13,Los Angeles Clippers,106.72,100.13,6.59,94.13,113.09,106.22,6.87,0.5329999999999999,0.493,0.565,0.535,49.84,123.89,109.83,56.0,26.0
133,2015,14,Los Angeles Lakers,98.45,105.29,-6.84,93.77,103.67,110.98,-7.3,0.473,0.518,0.513,0.557,49.83,107.66,122.37,21.0,61.0
134,2015,15,Memphis Grizzlies,98.32,95.07,3.24,90.53,107.38,103.86,3.52,0.489,0.49200000000000005,0.531,0.526,50.07,112.45,104.89,55.0,27.0
135,2015,16,Miami Heat,93.33,96.22,-2.89,90.3,103.1,106.03,-2.94,0.499,0.505,0.54,0.5429999999999999,48.66,102.32,106.94,37.0,45.0
136,2015,17,Milwaukee Bucks,97.84,97.42,0.43,93.58,103.24,102.52,0.73,0.499,0.48700000000000004,0.536,0.529,49.54,112.56,107.24,41.0,41.0
137,2015,18,Minnesota Timberwolves,97.76,106.55,-8.79,94.32,102.99,112.52,-9.52,0.46799999999999997,0.537,0.517,0.569,48.45,105.61,124.48,16.0,66.0
138,2015,19,New Orleans Pelicans,99.35,98.56,0.79,89.91,109.95,109.0,0.95,0.501,0.496,0.537,0.5329999999999999,51.13,114.83,111.26,45.0,37.0
139,2015,20,New York Knicks,90.83,99.85,-9.03,90.88,99.07,108.87,-9.8,0.47,0.512,0.508,0.5539999999999999,48.24,99.02,114.37,17.0,65.0
140,2015,21,Oklahoma City Thunder,103.95,101.77,2.18,94.5,109.17,107.07,2.1,0.49200000000000005,0.489,0.532,0.529,52.66,116.72,112.06,45.0,37.0
141,2015,22,Orlando Magic,95.7,101.42,-5.72,92.23,103.36,109.57,-6.21,0.494,0.514,0.525,0.551,49.03,105.05,117.82,25.0,57.0
142,2015,23,Philadelphia 76ers,91.78,100.6,-8.82,95.56,95.73,105.04,-9.32,0.45899999999999996,0.49700000000000005,0.494,0.539,48.13,97.2,117.89,18.0,64.0
143,2015,24,Phoenix Suns,102.4,103.31,-0.9,96.12,105.46,106.58,-1.12,0.501,0.49700000000000005,0.537,0.539,48.78,112.24,114.28,39.0,43.0
144,2015,25,Portland Trailblazers,102.79,98.56,4.23,93.72,108.72,104.19,4.53,0.508,0.47600000000000003,0.544,0.513,50.7,117.16,109.73,51.0,31.0
145,2015,26,Sacramento Kings,101.34,105.05,-3.71,92.71,108.34,112.12,-3.77,0.49,0.507,0.542,0.5429999999999999,51.75,109.95,119.06,29.0,53.0
146,2015,27,San Antonio Spurs,103.18,96.99,6.2,93.47,108.87,102.58,6.29,0.517,0.484,0.555,0.521,50.88,121.99,106.65,55.0,27.0
147,2015,28,Toronto Raptors,103.99,100.92,3.07,90.13,114.36,110.94,3.43,0.508,0.506,0.5529999999999999,0.542,49.46,115.33,113.34,49.0,33.0
148,2015,29,Utah Jazz,94.78,94.72,0.06,90.06,105.43,105.24,0.18,0.494,0.49200000000000005,0.531,0.529,52.8,107.49,103.68,38.0,44.0
149,2015,30,Washington Wizards,98.54,97.82,0.72,93.09,104.39,103.64,0.75,0.499,0.48100000000000004,0.534,0.521,51.72,114.73,104.92,46.0,36.0
150,2014,1,Atlanta Hawks,101.0,101.48,-0.48,94.22,106.38,106.71,-0.32,0.515,0.51,0.5539999999999999,0.545,47.87,114.65,115.77,38.0,44.0
151,2014,2,Brooklyn Nets,98.52,99.52,-1.0,91.12,107.04,107.86,-0.83,0.514,0.509,0.556,0.551,47.09,107.79,110.88,44.0,38.0
152,2014,3,Boston Celtics,96.24,100.71,-4.46,93.24,102.96,108.0,-5.04,0.47700000000000004,0.505,0.517,0.547,50.13,104.63,113.98,25.0,57.0
153,2014,4,Charlotte Bobcats,96.85,97.07,-0.22,91.65,104.49,104.56,-0.07,0.48100000000000004,0.491,0.522,0.526,49.64,108.61,108.5,43.0,39.0
154,2014,5,Chicago Bulls,93.66,91.81,1.85,89.53,103.3,101.03,2.26,0.47100000000000003,0.47100000000000003,0.518,0.509,51.68,108.22,101.18,48.0,34.0
155,2014,6,Cleveland Cavaliers,98.22,101.51,-3.29,92.54,104.8,108.29,-3.49,0.479,0.508,0.518,0.545,50.91,107.39,117.26,33.0,49.0
156,2014,7,Dallas Mavericks,104.84,102.44,2.4,93.75,110.99,108.47,2.52,0.526,0.515,0.564,0.556,48.85,120.73,113.63,49.0,33.0
157,2014,8,Denver Nuggets,104.38,106.52,-2.15,97.77,106.35,108.6,-2.25,0.49700000000000005,0.5,0.536,0.5429999999999999,50.89,115.26,119.78,36.0,46.0
158,2014,9,Detroit Pistons,101.05,104.71,-3.66,94.37,106.53,110.42,-3.89,0.48200000000000004,0.52,0.515,0.5589999999999999,51.35,110.02,120.84,29.0,53.0
159,2014,10,Golden State Warriors,104.26,99.45,4.81,96.09,107.68,102.82,4.86,0.517,0.47700000000000004,0.55,0.522,51.14,119.55,107.52,51.0,31.0
160,2014,11,Houston Rockets,107.67,103.11,4.56,96.23,111.04,106.54,4.5,0.531,0.489,0.5710000000000001,0.527,52.11,120.71,113.29,54.0,28.0
161,2014,12,Indiana Pacers,96.74,92.34,4.4,91.73,104.93,99.96,4.97,0.49,0.46,0.535,0.501,52.04,109.93,97.44,56.0,26.0
162,2014,13,Los Angeles Clippers,107.93,100.95,6.98,95.33,112.78,105.36,7.42,0.526,0.484,0.5670000000000001,0.527,49.58,124.44,110.13,57.0,25.0
163,2014,14,Los Angeles Lakers,102.95,109.24,-6.29,98.51,104.38,110.98,-6.6,0.505,0.513,0.542,0.546,45.58,114.28,130.67,27.0,55.0
164,2014,15,Memphis Grizzlies,96.15,94.57,1.57,89.34,106.95,105.05,1.89,0.495,0.49700000000000005,0.529,0.535,51.97,110.56,103.79,50.0,32.0
165,2014,16,Miami Heat,102.2,97.44,4.76,90.75,111.48,106.08,5.4,0.5539999999999999,0.511,0.59,0.5489999999999999,47.76,117.09,106.35,54.0,28.0
166,2014,17,Milwaukee Bucks,95.48,103.66,-8.18,91.8,102.96,112.05,-9.09,0.479,0.52,0.519,0.5589999999999999,48.57,103.42,119.55,15.0,67.0
167,2014,18,Minnesota Timberwolves,106.93,104.26,2.67,96.99,109.27,106.36,2.92,0.486,0.518,0.535,0.55,50.31,119.65,118.44,40.0,42.0
168,2014,19,New Orleans Pelicans,99.72,102.43,-2.71,91.83,107.64,110.34,-2.7,0.495,0.515,0.537,0.5579999999999999,50.0,113.89,116.44,34.0,48.0
169,2014,20,New York Knicks,98.59,99.38,-0.79,90.13,108.42,109.35,-0.93,0.505,0.514,0.541,0.5579999999999999,48.99,108.56,108.73,37.0,45.0
170,2014,21,Oklahoma City Thunder,106.16,99.82,6.34,95.39,110.58,103.99,6.59,0.52,0.488,0.5660000000000001,0.528,52.22,123.68,105.84,59.0,23.0
171,2014,22,Orlando Magic,96.51,101.95,-5.44,93.14,102.2,107.97,-5.77,0.48700000000000004,0.504,0.525,0.544,48.89,106.51,116.63,23.0,59.0
172,2014,23,Philadelphia 76ers,99.45,109.9,-10.45,98.61,99.96,110.69,-10.72,0.475,0.524,0.51,0.565,47.67,104.88,130.71,19.0,63.0
173,2014,24,Phoenix Suns,105.23,102.6,2.63,95.59,109.67,107.01,2.66,0.519,0.496,0.5579999999999999,0.541,50.12,114.76,111.13,48.0,34.0
174,2014,25,Portland Trailblazers,106.74,102.76,3.99,94.77,111.65,107.75,3.9,0.504,0.488,0.5479999999999999,0.526,51.64,121.09,113.16,54.0,28.0
175,2014,26,Sacramento Kings,100.5,103.4,-2.9,93.92,106.2,109.28,-3.08,0.484,0.512,0.532,0.552,51.89,108.01,117.15,28.0,54.0
176,2014,27,San Antonio Spurs,105.35,97.63,7.72,94.68,110.86,102.81,8.04,0.537,0.48200000000000004,0.5710000000000001,0.519,50.61,125.01,106.93,62.0,20.0
177,2014,28,Toronto Raptors,101.28,98.04,3.24,91.38,109.31,105.78,3.53,0.498,0.493,0.545,0.537,50.93,111.92,106.9,48.0,34.0
178,2014,29,Utah Jazz,95.01,102.18,-7.17,91.0,103.88,111.62,-7.74,0.484,0.518,0.523,0.5589999999999999,49.24,103.28,118.66,25.0,57.0
179,2014,30,Washington Wizards,100.66,99.39,1.27,93.02,106.19,104.97,1.22,0.506,0.504,0.5379999999999999,0.545,49.99,113.5,110.71,44.0,38.0
180,2013,1,Atlanta Hawks,97.95,97.55,0.4,92.27,105.23,104.71,0.52,0.517,0.496,0.546,0.531,48.3,112.6,111.24,44.0,38.0
181,2013,2,Brooklyn Nets,96.88,95.1,1.78,88.7,108.26,106.31,1.95,0.498,0.503,0.536,0.534,52.18,107.82,106.57,49.0,33.0
182,2013,3,Boston Celtics,96.52,96.74,-0.22,91.44,103.43,103.86,-0.43,0.503,0.48200000000000004,0.5429999999999999,0.523,47.46,110.07,107.95,41.0,40.0
183,2013,4,Charlotte Bobcats,93.43,102.66,-9.23,91.14,101.86,111.79,-9.93,0.46,0.524,0.507,0.5579999999999999,47.76,100.12,123.12,21.0,61.0
184,2013,5,Chicago Bulls,93.18,92.87,0.32,89.16,103.72,103.42,0.3,0.47,0.47700000000000004,0.512,0.517,51.23,107.13,102.44,45.0,37.0
185,2013,6,Cleveland Cavaliers,96.5,101.18,-4.68,92.19,104.41,109.73,-5.33,0.473,0.523,0.514,0.561,49.35,103.62,118.94,24.0,58.0
186,2013,7,Dallas Mavericks,101.13,101.73,-0.6,93.83,106.17,106.77,-0.6,0.506,0.49200000000000005,0.544,0.534,47.91,116.77,115.09,41.0,41.0
187,2013,8,Denver Nuggets,106.15,101.06,5.09,94.63,110.91,105.43,5.48,0.515,0.493,0.5489999999999999,0.528,51.98,124.42,112.16,57.0,25.0
188,2013,9,Detroit Pistons,94.85,98.84,-3.99,90.52,104.12,108.34,-4.22,0.48700000000000004,0.505,0.521,0.5429999999999999,50.21,104.05,114.92,29.0,53.0
189,2013,10,Golden State Warriors,101.17,100.28,0.89,94.26,106.66,105.59,1.07,0.506,0.486,0.545,0.526,51.27,115.29,113.02,47.0,35.0
190,2013,11,Houston Rockets,105.95,102.48,3.48,95.84,109.99,106.45,3.54,0.525,0.502,0.564,0.54,51.05,118.52,115.63,45.0,37.0
191,2013,12,Indiana Pacers,94.74,90.72,4.03,89.63,104.89,100.18,4.72,0.479,0.45299999999999996,0.521,0.495,52.88,108.42,98.2,49.0,32.0
192,2013,13,Los Angeles Clippers,101.09,94.63,6.45,90.56,111.34,104.29,7.05,0.526,0.49200000000000005,0.557,0.535,51.56,119.26,102.48,56.0,26.0
193,2013,14,Los Angeles Lakers,102.21,101.05,1.16,93.86,108.48,107.25,1.23,0.512,0.496,0.5479999999999999,0.526,51.23,114.31,114.94,45.0,37.0
194,2013,15,Memphis Grizzlies,93.4,89.26,4.15,88.44,104.95,100.34,4.6,0.47200000000000003,0.475,0.514,0.516,52.24,107.63,97.04,56.0,26.0
195,2013,16,Miami Heat,102.88,95.01,7.87,90.01,113.14,104.48,8.67,0.552,0.48700000000000004,0.588,0.527,49.04,120.62,101.48,66.0,16.0
196,2013,17,Milwaukee Bucks,98.88,100.38,-1.5,94.63,103.7,105.54,-1.84,0.47600000000000003,0.49200000000000005,0.51,0.531,48.84,112.06,115.0,38.0,44.0
197,2013,18,Minnesota Timberwolves,95.74,98.11,-2.37,92.63,103.1,105.51,-2.41,0.473,0.511,0.517,0.545,49.94,107.01,112.95,31.0,51.0
198,2013,19,New Orleans Hornets,94.07,97.94,-3.87,88.25,106.06,110.42,-4.36,0.489,0.52,0.528,0.557,51.42,105.92,115.1,27.0,55.0
199,2013,20,New York Knicks,99.95,95.72,4.23,89.59,111.28,106.6,4.68,0.515,0.508,0.55,0.5479999999999999,49.34,109.88,105.0,54.0,28.0
200,2013,21,Oklahoma City Thunder,105.72,96.51,9.21,93.59,112.1,102.37,9.74,0.527,0.469,0.58,0.51,51.75,126.2,101.89,60.0,22.0
201,2013,22,Orlando Magic,94.12,101.11,-6.99,91.81,102.0,109.6,-7.6,0.485,0.508,0.514,0.5429999999999999,49.97,105.93,117.42,20.0,62.0
202,2013,23,Philadelphia 76ers,93.17,96.51,-3.34,90.69,102.34,106.0,-3.66,0.48100000000000004,0.495,0.509,0.534,48.44,105.49,112.2,34.0,48.0
203,2013,24,Phoenix Suns,95.18,101.65,-6.46,93.25,101.43,108.18,-6.75,0.47700000000000004,0.512,0.512,0.5489999999999999,48.97,105.73,117.27,25.0,57.0
204,2013,25,Portland Trailblazers,97.5,100.67,-3.17,91.29,105.87,109.57,-3.7,0.498,0.512,0.536,0.547,49.04,106.96,118.32,33.0,49.0
205,2013,26,Sacramento Kings,100.23,105.11,-4.88,93.56,106.33,111.66,-5.33,0.491,0.517,0.532,0.56,48.22,108.12,124.31,28.0,54.0
206,2013,27,San Antonio Spurs,103.02,96.62,6.4,94.26,108.2,101.59,6.61,0.531,0.48,0.568,0.516,49.26,122.56,107.35,58.0,24.0
207,2013,28,Toronto Raptors,97.21,98.68,-1.48,90.13,106.24,107.72,-1.48,0.488,0.5,0.532,0.544,49.08,107.82,110.74,34.0,48.0
208,2013,29,Utah Jazz,98.02,98.11,-0.09,90.66,107.03,106.91,0.12,0.49200000000000005,0.501,0.5329999999999999,0.5429999999999999,50.73,113.12,110.02,43.0,39.0
209,2013,30,Washington Wizards,93.22,95.76,-2.54,92.02,100.41,103.13,-2.72,0.47600000000000003,0.483,0.512,0.522,49.42,103.45,107.98,29.0,53.0
210,2012,1,Atlanta Hawks,96.59,93.15,3.44,89.71,105.51,101.64,3.88,0.5,0.48,0.535,0.517,49.34,109.99,103.56,40.0,26.0
211,2012,2,Boston Celtics,91.85,89.33,2.52,90.07,101.34,98.84,2.49,0.496,0.452,0.535,0.498,47.31,107.18,97.2,39.0,27.0
212,2012,3,Charlotte Bobcats,86.96,100.86,-13.91,90.61,95.67,110.97,-15.3,0.439,0.512,0.483,0.5489999999999999,46.39,91.27,120.73,7.0,59.0
213,2012,4,Chicago Bulls,96.35,88.17,8.18,88.65,108.0,98.44,9.56,0.49,0.45,0.523,0.486,53.86,114.24,94.53,50.0,16.0
214,2012,5,Cleveland Cavaliers,93.03,100.23,-7.2,91.04,101.39,109.02,-7.63,0.46299999999999997,0.508,0.505,0.544,49.69,97.5,117.49,21.0,45.0
215,2012,6,Dallas Mavericks,95.79,94.83,0.96,91.25,103.5,102.44,1.07,0.489,0.479,0.527,0.519,49.34,109.3,106.14,36.0,30.0
216,2012,7,Denver Nuggets,104.12,101.24,2.88,93.77,109.65,106.45,3.2,0.516,0.508,0.556,0.542,51.68,119.39,113.49,38.0,28.0
217,2012,8,Detroit Pistons,90.86,95.65,-4.79,89.04,101.25,106.66,-5.41,0.46799999999999997,0.5,0.51,0.5429999999999999,49.71,96.29,111.58,25.0,41.0
218,2012,9,Golden State Warriors,97.77,101.18,-3.41,92.41,105.3,108.83,-3.53,0.505,0.496,0.539,0.539,46.09,110.23,116.74,23.0,43.0
219,2012,10,Houston Rockets,98.09,97.86,0.23,91.79,105.37,105.23,0.14,0.49200000000000005,0.49,0.529,0.531,50.24,109.49,108.2,34.0,32.0
220,2012,11,Indiana Pacers,97.71,94.41,3.3,90.61,106.83,103.25,3.58,0.474,0.47600000000000003,0.526,0.518,50.91,108.85,102.44,42.0,24.0
221,2012,12,Los Angeles Clippers,97.55,94.99,2.56,88.84,108.93,106.44,2.5,0.502,0.49200000000000005,0.5329999999999999,0.537,51.09,109.12,102.76,40.0,26.0
222,2012,13,Los Angeles Lakers,97.3,95.88,1.42,90.47,106.04,104.39,1.66,0.491,0.47600000000000003,0.534,0.507,53.01,113.05,107.41,41.0,25.0
223,2012,14,Memphis Grizzlies,94.99,92.97,2.02,90.58,104.21,101.84,2.36,0.473,0.485,0.515,0.529,50.84,106.53,101.26,41.0,25.0
224,2012,15,Miami Heat,98.49,92.5,5.99,90.91,106.98,100.49,6.49,0.505,0.479,0.5489999999999999,0.517,51.14,112.21,97.41,46.0,20.0
225,2012,16,Milwaukee Bucks,99.02,98.74,0.27,93.67,105.54,105.35,0.19,0.48100000000000004,0.489,0.521,0.532,48.71,112.09,110.91,31.0,35.0
226,2012,17,Minnesota Timberwolves,97.94,100.14,-2.2,93.31,104.31,106.55,-2.24,0.47700000000000004,0.491,0.524,0.527,50.17,105.14,114.33,26.0,40.0
227,2012,18,New Jersey Nets,93.09,99.08,-5.99,90.02,103.09,109.73,-6.65,0.473,0.513,0.516,0.5489999999999999,48.63,99.23,115.96,22.0,44.0
228,2012,19,New Orleans Hornets,89.64,93.39,-3.76,88.25,100.94,105.39,-4.45,0.47600000000000003,0.485,0.517,0.528,50.69,101.44,105.64,21.0,45.0
229,2012,20,New York Knicks,97.85,94.65,3.2,92.84,104.74,101.54,3.19,0.49200000000000005,0.485,0.5329999999999999,0.526,49.94,106.62,101.79,36.0,30.0
230,2012,21,Oklahoma City Thunder,103.06,96.94,6.12,93.09,109.67,103.19,6.48,0.516,0.465,0.5670000000000001,0.508,51.42,117.99,103.44,47.0,19.0
231,2012,22,Orlando Magic,93.88,93.28,0.6,88.66,105.04,104.3,0.74,0.504,0.48700000000000004,0.532,0.525,50.53,101.4,105.23,36.0,29.0
232,2012,23,Philadelphia 76ers,93.54,89.03,4.51,89.25,104.31,98.75,5.55,0.478,0.45799999999999996,0.51,0.499,49.8,110.28,98.42,35.0,30.0
233,2012,24,Phoenix Suns,98.36,98.61,-0.24,92.23,106.65,106.58,0.07,0.499,0.491,0.536,0.53,48.99,111.3,111.56,33.0,33.0
234,2012,25,Portland Trailblazers,97.2,97.82,-0.62,91.04,105.93,106.64,-0.71,0.488,0.504,0.531,0.54,49.01,107.3,110.42,28.0,38.0
235,2012,26,Sacramento Kings,98.76,104.44,-5.68,94.52,103.99,110.15,-6.16,0.47200000000000003,0.515,0.51,0.551,48.79,105.49,122.83,22.0,44.0
236,2012,27,San Antonio Spurs,103.65,96.49,7.17,92.61,111.22,103.65,7.57,0.528,0.489,0.562,0.522,51.05,119.77,105.74,50.0,16.0
237,2012,28,Toronto Raptors,90.7,94.0,-3.3,89.04,101.06,104.78,-3.72,0.475,0.475,0.518,0.524,50.89,101.83,103.32,23.0,43.0
238,2012,29,Utah Jazz,99.65,99.03,0.62,91.37,106.87,106.31,0.56,0.48100000000000004,0.493,0.525,0.5379999999999999,51.78,114.36,109.27,36.0,30.0
239,2012,30,Washington Wizards,93.64,98.44,-4.8,92.52,101.05,106.67,-5.62,0.47200000000000003,0.49200000000000005,0.508,0.536,48.91,102.06,111.05,20.0,46.0
240,2011,1,Atlanta Hawks,95.0,95.82,-0.82,88.96,106.52,107.65,-1.12,0.501,0.495,0.542,0.537,49.2,106.88,108.84,44.0,38.0
241,2011,2,Boston Celtics,96.5,91.13,5.37,89.95,106.75,100.89,5.85,0.519,0.469,0.561,0.516,49.47,113.27,96.54,56.0,26.0
242,2011,3,Charlotte Bobcats,93.29,97.29,-4.0,89.23,103.9,108.52,-4.62,0.48200000000000004,0.5,0.528,0.544,50.32,103.95,111.21,34.0,48.0
243,2011,4,Chicago Bulls,98.62,91.31,7.32,89.74,109.06,100.63,8.43,0.501,0.46299999999999997,0.541,0.509,53.48,115.0,97.24,62.0,20.0
244,2011,5,Cleveland Cavaliers,95.45,104.46,-9.01,92.49,102.81,112.39,-9.57,0.47200000000000003,0.524,0.518,0.561,48.07,101.49,123.56,19.0,63.0
245,2011,6,Dallas Mavericks,100.24,96.01,4.23,90.92,110.11,105.34,4.78,0.525,0.488,0.565,0.528,50.44,116.67,105.39,57.0,25.0
246,2011,7,Denver Nuggets,107.45,102.7,4.76,94.9,113.08,108.05,5.03,0.526,0.5,0.574,0.542,50.4,120.2,115.02,50.0,32.0
247,2011,8,Detroit Pistons,96.96,100.56,-3.6,88.52,108.44,112.31,-3.87,0.495,0.526,0.5329999999999999,0.5670000000000001,48.7,106.0,116.73,30.0,52.0
248,2011,9,Golden State Warriors,103.38,105.71,-2.33,94.57,108.49,110.99,-2.5,0.51,0.509,0.544,0.557,47.51,115.05,122.15,36.0,46.0
249,2011,10,Houston Rockets,105.92,103.73,2.18,94.09,111.43,109.3,2.13,0.503,0.5,0.55,0.5429999999999999,50.03,119.94,116.15,43.0,39.0
250,2011,11,Indiana Pacers,99.79,100.87,-1.07,94.41,105.17,106.53,-1.36,0.486,0.48700000000000004,0.5329999999999999,0.531,50.15,109.37,111.82,37.0,45.0
251,2011,12,Los Angeles Clippers,98.65,101.78,-3.13,92.21,106.04,109.72,-3.67,0.496,0.499,0.535,0.546,50.97,107.95,114.12,32.0,50.0
252,2011,13,Los Angeles Lakers,101.48,95.37,6.11,90.42,111.38,104.53,6.85,0.502,0.47700000000000004,0.545,0.514,51.46,117.72,105.76,57.0,25.0
253,2011,14,Memphis Grizzlies,99.94,97.6,2.34,91.12,108.57,105.66,2.91,0.493,0.502,0.534,0.545,50.52,112.95,107.89,46.0,36.0
254,2011,15,Miami Heat,102.06,94.6,7.46,90.35,112.4,104.0,8.4,0.524,0.475,0.573,0.518,51.82,116.54,99.65,58.0,24.0
255,2011,16,Milwaukee Bucks,91.88,92.72,-0.84,89.43,101.96,102.84,-0.88,0.467,0.48100000000000004,0.511,0.528,49.1,100.28,103.27,35.0,47.0
256,2011,17,Minnesota Timberwolves,101.07,107.71,-6.63,96.21,104.53,111.45,-6.92,0.483,0.514,0.526,0.56,51.06,107.99,125.34,17.0,65.0
257,2011,18,New Jersey Nets,94.17,100.42,-6.24,89.7,103.28,110.58,-7.31,0.474,0.503,0.517,0.547,49.45,102.35,114.57,24.0,58.0
258,2011,19,New Orleans Hornets,94.93,94.04,0.89,88.32,106.67,105.86,0.81,0.493,0.501,0.537,0.5429999999999999,50.51,107.71,104.94,46.0,36.0
259,2011,20,New York Knicks,106.51,105.73,0.78,95.19,111.33,110.4,0.93,0.513,0.511,0.561,0.5539999999999999,47.89,118.16,116.98,42.0,40.0
260,2011,21,Oklahoma City Thunder,104.83,101.04,3.79,92.83,111.09,107.22,3.87,0.501,0.493,0.561,0.535,51.32,120.06,109.0,55.0,27.0
261,2011,22,Orlando Magic,99.21,93.74,5.46,90.31,109.02,102.8,6.22,0.521,0.475,0.555,0.518,52.12,109.31,100.52,52.0,30.0
262,2011,23,Philadelphia 76ers,99.01,97.51,1.5,91.47,106.89,105.09,1.8,0.494,0.48700000000000004,0.535,0.532,49.56,113.5,109.81,41.0,41.0
263,2011,24,Phoenix Suns,105.01,105.9,-0.89,94.03,109.86,110.62,-0.76,0.522,0.513,0.5589999999999999,0.551,47.6,116.45,120.52,40.0,42.0
264,2011,25,Portland Trailblazers,96.29,94.77,1.53,87.82,108.96,107.14,1.81,0.486,0.51,0.5329999999999999,0.552,49.79,107.94,103.87,48.0,34.0
265,2011,26,Sacramento Kings,99.4,104.74,-5.34,94.62,104.13,109.64,-5.51,0.48,0.513,0.519,0.555,51.58,106.94,117.78,24.0,58.0
266,2011,27,San Antonio Spurs,103.68,97.98,5.71,92.28,111.8,105.78,6.02,0.527,0.491,0.5670000000000001,0.528,50.4,118.87,107.88,61.0,21.0
267,2011,28,Toronto Raptors,99.07,105.35,-6.28,92.57,106.49,113.43,-6.94,0.491,0.522,0.5329999999999999,0.5670000000000001,49.53,108.63,120.59,22.0,60.0
268,2011,29,Utah Jazz,99.43,101.26,-1.83,90.74,108.48,110.47,-2.0,0.498,0.505,0.544,0.556,49.13,113.59,112.56,39.0,43.0
269,2011,30,Washington Wizards,97.28,104.68,-7.4,93.44,102.81,110.66,-7.85,0.47100000000000003,0.512,0.514,0.557,48.47,104.44,119.49,23.0,59.0
270,2010,1,Atlanta Hawks,101.68,97.02,4.66,89.65,112.42,107.54,4.88,0.506,0.496,0.546,0.535,50.2,116.21,107.52,53.0,29.0
271,2010,2,Boston Celtics,99.22,95.56,3.66,91.05,108.42,104.47,3.96,0.522,0.48700000000000004,0.564,0.534,49.06,114.59,102.28,50.0,32.0
272,2010,3,Charlotte Bobcats,95.28,93.82,1.46,89.59,105.28,103.5,1.78,0.49,0.491,0.5379999999999999,0.528,50.74,105.93,103.38,44.0,38.0
273,2010,4,Chicago Bulls,97.48,99.11,-1.63,92.79,103.86,105.7,-1.84,0.47700000000000004,0.484,0.52,0.525,51.03,109.88,109.55,41.0,41.0
274,2010,5,Cleveland Cavaliers,102.11,95.59,6.53,90.52,112.24,104.88,7.35,0.532,0.48200000000000004,0.57,0.525,52.43,118.42,102.12,61.0,21.0
275,2010,6,Dallas Mavericks,102.0,99.28,2.72,92.17,109.55,106.56,2.99,0.506,0.495,0.552,0.534,49.32,119.45,109.05,55.0,27.0
276,2010,7,Denver Nuggets,106.45,102.37,4.09,94.37,112.23,107.88,4.35,0.509,0.495,0.561,0.5429999999999999,49.46,118.4,112.7,53.0,29.0
277,2010,8,Detroit Pistons,94.01,99.12,-5.11,88.25,106.0,111.88,-5.88,0.474,0.526,0.515,0.5720000000000001,50.47,100.77,114.49,27.0,55.0
278,2010,9,Golden State Warriors,108.81,112.4,-3.6,100.14,108.38,111.88,-3.5,0.514,0.525,0.557,0.57,44.42,117.33,129.35,26.0,56.0
279,2010,10,Houston Rockets,102.38,102.74,-0.37,93.75,107.97,108.61,-0.64,0.494,0.511,0.537,0.55,49.53,111.05,116.92,42.0,40.0
280,2010,11,Indiana Pacers,100.77,103.78,-3.01,96.5,104.29,107.46,-3.17,0.491,0.49,0.536,0.5379999999999999,47.11,109.68,117.05,32.0,50.0
281,2010,12,Los Angeles Clippers,95.72,102.07,-6.35,92.08,103.82,110.7,-6.88,0.491,0.509,0.529,0.5479999999999999,50.44,106.81,117.65,29.0,53.0
282,2010,13,Los Angeles Lakers,101.7,96.98,4.72,92.48,109.14,104.06,5.08,0.496,0.484,0.5379999999999999,0.522,51.23,115.28,107.43,57.0,25.0
283,2010,14,Memphis Grizzlies,102.49,104.0,-1.51,93.02,108.93,110.35,-1.42,0.494,0.52,0.536,0.556,52.27,111.34,117.56,40.0,42.0
284,2010,15,Miami Heat,96.51,94.23,2.28,88.93,107.44,104.59,2.85,0.496,0.48,0.537,0.527,50.66,108.88,100.6,47.0,35.0
285,2010,16,Milwaukee Bucks,97.67,95.98,1.7,91.51,105.13,103.43,1.7,0.48200000000000004,0.486,0.518,0.537,50.09,107.81,106.65,46.0,36.0
286,2010,17,Minnesota Timberwolves,98.18,107.78,-9.6,95.73,102.04,111.89,-9.85,0.478,0.525,0.518,0.564,49.72,103.79,127.78,15.0,67.0
287,2010,18,New Jersey Nets,92.38,101.5,-9.12,91.46,100.49,110.65,-10.16,0.45799999999999996,0.517,0.509,0.556,47.43,98.1,121.05,12.0,70.0
288,2010,19,New Orleans Hornets,100.24,102.71,-2.46,92.45,107.61,110.64,-3.04,0.506,0.523,0.5429999999999999,0.5589999999999999,48.86,112.12,118.02,37.0,45.0
289,2010,20,New York Knicks,102.11,105.93,-3.82,93.68,107.9,111.85,-3.95,0.509,0.526,0.547,0.561,47.36,111.17,120.54,29.0,53.0
290,2010,21,Oklahoma City Thunder,101.49,98.0,3.49,92.8,108.67,104.72,3.95,0.494,0.483,0.547,0.528,51.69,115.87,105.09,50.0,32.0
291,2010,22,Orlando Magic,102.76,95.27,7.49,91.13,112.47,104.15,8.32,0.536,0.47700000000000004,0.573,0.518,51.94,115.22,100.76,59.0,23.0
292,2010,23,Philadelphia 76ers,97.73,101.63,-3.9,91.55,106.08,110.68,-4.6,0.496,0.518,0.534,0.56,50.03,109.87,114.67,27.0,55.0
293,2010,24,Phoenix Suns,110.23,105.33,4.9,94.88,115.89,110.48,5.41,0.546,0.491,0.586,0.534,50.39,125.39,114.2,54.0,28.0
294,2010,25,Portland Trailblazers,98.11,94.81,3.31,87.2,111.52,107.57,3.95,0.499,0.502,0.5479999999999999,0.542,51.35,110.21,102.06,50.0,32.0
295,2010,26,Sacramento Kings,100.0,104.37,-4.37,93.68,105.67,110.33,-4.66,0.491,0.505,0.528,0.551,50.35,107.92,116.42,25.0,57.0
296,2010,27,San Antonio Spurs,101.37,96.28,5.09,91.06,110.75,105.2,5.56,0.515,0.483,0.552,0.525,51.98,115.42,104.61,50.0,32.0
297,2010,28,Toronto Raptors,104.07,105.85,-1.78,92.58,111.85,113.6,-1.75,0.521,0.513,0.564,0.5589999999999999,49.46,116.04,119.73,40.0,42.0
298,2010,29,Utah Jazz,104.23,98.89,5.34,93.42,111.14,105.55,5.6,0.524,0.49200000000000005,0.5660000000000001,0.542,51.85,123.73,106.56,53.0,29.0
299,2010,30,Washington Wizards,96.24,101.02,-4.78,91.4,104.5,109.87,-5.37,0.48100000000000004,0.502,0.524,0.546,49.7,103.49,114.37,26.0,56.0
300,2009,1,Atlanta Hawks,98.12,96.55,1.57,89.18,109.89,107.86,2.03,0.505,0.494,0.546,0.535,48.85,108.79,108.09,47.0,35.0
301,2009,2,Boston Celtics,100.92,93.4,7.51,89.96,111.04,102.68,8.36,0.528,0.47,0.5710000000000001,0.521,52.84,117.37,97.49,62.0,20.0
302,2009,3,Charlotte Bobcats,93.62,94.89,-1.27,87.87,105.21,106.44,-1.24,0.494,0.498,0.536,0.541,50.5,103.45,104.82,35.0,47.0
303,2009,4,Chicago Bulls,102.17,102.45,-0.28,92.97,108.52,108.89,-0.37,0.493,0.493,0.541,0.54,49.59,114.06,114.77,41.0,41.0
304,2009,5,Cleveland Cavaliers,100.28,91.35,8.93,88.34,112.94,102.74,10.2,0.519,0.46799999999999997,0.56,0.515,52.05,115.5,96.38,66.0,16.0
305,2009,6,Dallas Mavericks,101.74,99.77,1.98,91.24,110.81,108.5,2.31,0.504,0.493,0.55,0.539,50.8,117.89,110.09,50.0,32.0
306,2009,7,Denver Nuggets,104.33,100.92,3.41,94.09,110.6,106.87,3.73,0.512,0.485,0.563,0.536,50.22,118.48,110.29,54.0,28.0
307,2009,8,Detroit Pistons,94.23,94.72,-0.49,86.72,107.44,107.83,-0.39,0.483,0.485,0.524,0.534,50.62,106.38,105.52,39.0,43.0
308,2009,9,Golden State Warriors,108.6,112.34,-3.74,98.5,109.14,113.18,-4.04,0.49700000000000005,0.508,0.5489999999999999,0.555,47.16,118.74,128.44,29.0,53.0
309,2009,10,Houston Rockets,98.42,94.42,4.0,89.95,108.72,104.1,4.62,0.501,0.479,0.5479999999999999,0.516,51.85,111.31,103.71,53.0,29.0
310,2009,11,Indiana Pacers,105.09,106.2,-1.11,96.13,108.49,109.41,-0.93,0.501,0.499,0.545,0.5489999999999999,49.78,117.23,118.82,36.0,46.0
311,2009,12,Los Angeles Clippers,95.11,103.88,-8.77,91.98,102.36,111.95,-9.58,0.48100000000000004,0.512,0.52,0.5529999999999999,47.47,103.07,122.28,19.0,63.0
312,2009,13,Los Angeles Lakers,106.93,99.27,7.66,94.27,112.86,104.8,8.06,0.513,0.49,0.555,0.53,51.45,124.22,109.18,65.0,17.0
313,2009,14,Memphis Grizzlies,93.88,99.34,-5.46,89.92,103.75,109.78,-6.04,0.486,0.515,0.5329999999999999,0.56,49.31,99.85,112.92,24.0,58.0
314,2009,15,Miami Heat,98.31,98.05,0.26,89.6,108.2,107.93,0.27,0.5,0.501,0.54,0.5479999999999999,48.55,110.02,107.49,43.0,39.0
315,2009,16,Milwaukee Bucks,99.29,100.38,-1.09,92.7,106.57,107.75,-1.18,0.483,0.503,0.531,0.562,49.87,108.34,111.31,34.0,48.0
316,2009,17,Minnesota Timberwolves,97.79,102.71,-4.91,91.52,106.18,111.65,-5.47,0.48100000000000004,0.515,0.526,0.561,50.48,104.94,118.39,24.0,58.0
317,2009,18,New Jersey Nets,98.1,100.54,-2.44,89.85,108.35,111.17,-2.81,0.49700000000000005,0.509,0.5429999999999999,0.5579999999999999,49.02,107.7,114.21,34.0,48.0
318,2009,19,New Orleans Hornets,95.82,94.27,1.55,87.59,108.97,107.26,1.72,0.501,0.496,0.5479999999999999,0.54,49.8,108.33,103.57,49.0,33.0
319,2009,20,New York Knicks,105.21,107.82,-2.61,96.44,108.41,110.9,-2.49,0.503,0.52,0.544,0.5579999999999999,47.76,111.6,124.38,32.0,50.0
320,2009,21,Oklahoma City Thunder,96.98,103.07,-6.1,94.06,102.45,108.97,-6.53,0.47100000000000003,0.514,0.521,0.5529999999999999,50.84,105.59,116.65,23.0,59.0
321,2009,22,Orlando Magic,101.05,94.35,6.7,91.71,109.91,102.44,7.47,0.52,0.465,0.5589999999999999,0.508,50.66,112.18,100.24,59.0,23.0
322,2009,23,Philadelphia 76ers,97.4,97.33,0.07,90.18,107.6,108.0,-0.4,0.485,0.507,0.532,0.5479999999999999,51.18,108.24,108.23,41.0,41.0
323,2009,24,Phoenix Suns,109.44,107.51,1.93,95.59,114.06,112.01,2.05,0.545,0.511,0.584,0.5539999999999999,50.55,123.74,117.67,46.0,36.0
324,2009,25,Portland Trailblazers,99.43,94.09,5.34,86.58,113.96,107.71,6.26,0.511,0.499,0.5529999999999999,0.544,53.47,112.87,101.49,54.0,28.0
325,2009,26,Sacramento Kings,100.59,109.34,-8.76,94.18,105.6,115.02,-9.43,0.491,0.526,0.542,0.5710000000000001,47.04,105.59,125.31,17.0,65.0
326,2009,27,San Antonio Spurs,97.05,93.29,3.76,88.13,108.88,104.9,3.98,0.513,0.48700000000000004,0.5479999999999999,0.525,50.38,110.56,102.83,54.0,28.0
327,2009,28,Toronto Raptors,99.04,101.85,-2.82,92.09,106.87,110.04,-3.17,0.494,0.511,0.542,0.5489999999999999,49.12,112.0,115.85,33.0,49.0
328,2009,29,Utah Jazz,103.56,100.92,2.65,93.18,110.03,107.26,2.77,0.504,0.505,0.555,0.552,50.47,119.33,109.7,48.0,34.0
329,2009,30,Washington Wizards,96.06,103.52,-7.46,90.98,105.45,113.73,-8.28,0.48,0.5329999999999999,0.524,0.5720000000000001,48.96,104.45,121.73,19.0,63.0
330,2008,1,Atlanta Hawks,98.22,100.04,-1.82,91.0,106.99,108.62,-1.63,0.483,0.501,0.535,0.541,50.79,111.15,112.67,37.0,45.0
331,2008,2,Boston Celtics,100.55,90.29,10.26,90.66,110.49,99.22,11.27,0.522,0.457,0.569,0.508,51.93,117.29,92.93,66.0,16.0
332,2008,3,Charlotte Bobcats,97.06,101.44,-4.38,91.58,104.92,109.81,-4.89,0.49200000000000005,0.505,0.532,0.547,48.16,106.35,116.57,32.0,50.0
333,2008,4,Chicago Bulls,97.33,100.42,-3.09,92.9,104.11,107.48,-3.37,0.47,0.496,0.515,0.545,50.23,108.04,113.62,33.0,49.0
334,2008,5,Cleveland Cavaliers,96.38,96.73,-0.35,89.9,106.27,106.56,-0.29,0.48,0.494,0.52,0.5379999999999999,52.45,107.06,107.52,45.0,37.0
335,2008,6,Dallas Mavericks,100.42,95.88,4.54,89.85,111.48,106.09,5.4,0.502,0.474,0.5539999999999999,0.524,51.65,115.96,103.49,51.0,31.0
336,2008,7,Denver Nuggets,110.66,106.95,3.71,99.14,110.63,106.64,3.99,0.51,0.499,0.557,0.535,49.28,127.77,119.98,50.0,32.0
337,2008,8,Detroit Pistons,97.46,90.07,7.39,87.3,111.36,103.06,8.3,0.495,0.47,0.539,0.517,51.42,114.09,95.99,59.0,23.0
338,2008,9,Golden State Warriors,111.04,108.83,2.21,98.8,111.81,109.73,2.09,0.511,0.509,0.5479999999999999,0.555,47.87,122.29,122.89,48.0,34.0
339,2008,10,Houston Rockets,96.72,92.04,4.68,90.05,107.13,101.59,5.54,0.49200000000000005,0.465,0.528,0.508,52.33,110.92,99.1,55.0,27.0
340,2008,11,Indiana Pacers,103.99,105.39,-1.4,97.48,106.27,107.85,-1.58,0.498,0.498,0.54,0.5479999999999999,48.68,114.52,118.54,36.0,46.0
341,2008,12,Los Angeles Clippers,93.81,101.07,-7.27,92.15,101.16,109.49,-8.33,0.465,0.503,0.52,0.546,47.95,102.94,116.04,23.0,59.0
342,2008,13,Los Angeles Lakers,108.59,101.33,7.26,95.42,113.23,105.67,7.55,0.525,0.485,0.57,0.526,50.78,126.92,110.98,57.0,25.0
343,2008,14,Memphis Grizzlies,100.7,106.9,-6.21,94.99,105.33,111.83,-6.49,0.5,0.521,0.539,0.557,48.32,105.7,126.28,22.0,60.0
344,2008,15,Miami Heat,91.35,100.0,-8.65,89.94,100.81,110.16,-9.35,0.48200000000000004,0.51,0.522,0.5539999999999999,46.62,97.15,115.31,15.0,67.0
345,2008,16,Milwaukee Bucks,97.02,103.92,-6.89,91.47,105.14,112.83,-7.69,0.48200000000000004,0.524,0.522,0.568,50.61,105.12,119.79,26.0,56.0
346,2008,17,Minnesota Timberwolves,95.6,102.38,-6.78,91.37,104.37,111.38,-7.02,0.484,0.513,0.518,0.561,49.82,103.07,119.2,22.0,60.0
347,2008,18,New Jersey Nets,95.82,100.88,-5.06,91.63,103.78,109.26,-5.48,0.48100000000000004,0.49700000000000005,0.528,0.547,50.15,106.88,114.28,34.0,48.0
348,2008,19,New Orleans Hornets,100.85,95.57,5.28,89.87,111.52,105.99,5.52,0.512,0.501,0.5479999999999999,0.537,50.61,115.74,106.68,56.0,26.0
349,2008,20,New York Knicks,96.93,103.54,-6.61,91.61,104.74,111.93,-7.19,0.475,0.518,0.518,0.557,49.92,100.06,118.63,23.0,59.0
350,2008,21,Seattle SuperSonics,97.55,106.31,-8.76,96.09,100.76,110.01,-9.25,0.467,0.503,0.509,0.542,50.3,106.71,122.94,20.0,62.0
351,2008,22,Orlando Magic,104.48,99.01,5.46,92.83,111.97,106.12,5.86,0.537,0.484,0.575,0.526,50.19,114.77,108.54,52.0,30.0
352,2008,23,Philadelphia 76ers,96.62,96.21,0.42,90.33,106.56,106.22,0.34,0.48200000000000004,0.504,0.522,0.5429999999999999,51.66,107.48,107.98,40.0,42.0
353,2008,24,Phoenix Suns,110.07,105.02,5.05,96.17,113.88,108.31,5.57,0.551,0.488,0.59,0.524,48.6,130.6,112.09,55.0,27.0
354,2008,25,Portland Trailblazers,95.37,96.34,-0.98,87.77,107.43,108.55,-1.11,0.489,0.491,0.532,0.532,49.39,105.76,107.0,41.0,41.0
355,2008,26,Sacramento Kings,102.54,104.79,-2.26,94.5,107.68,110.1,-2.41,0.503,0.51,0.556,0.555,48.88,109.9,117.74,38.0,44.0
356,2008,27,San Antonio Spurs,95.37,90.57,4.79,88.73,107.21,102.09,5.12,0.504,0.47700000000000004,0.5429999999999999,0.517,50.6,108.39,99.35,56.0,26.0
357,2008,28,Toronto Raptors,100.18,97.28,2.9,90.02,110.45,107.2,3.24,0.511,0.505,0.551,0.544,49.05,116.5,109.12,41.0,41.0
358,2008,29,Utah Jazz,106.22,99.34,6.88,93.28,113.72,106.54,7.18,0.528,0.501,0.573,0.5529999999999999,51.95,125.17,105.39,54.0,28.0
359,2008,30,Washington Wizards,98.83,99.16,-0.33,89.5,109.17,109.39,-0.22,0.489,0.513,0.535,0.552,50.24,109.39,113.05,43.0,39.0
360,2007,1,Atlanta Hawks,93.66,98.42,-4.76,89.81,103.24,108.29,-5.05,0.47100000000000003,0.503,0.523,0.5489999999999999,49.77,101.01,109.07,30.0,52.0
361,2007,2,Boston Celtics,95.82,99.23,-3.42,91.81,103.45,107.45,-4.0,0.479,0.502,0.53,0.551,49.89,102.17,111.7,24.0,58.0
362,2007,3,Charlotte Bobcats,96.89,100.63,-3.74,91.68,103.97,107.87,-3.9,0.48,0.5,0.524,0.55,48.34,105.24,112.16,33.0,49.0
363,2007,4,Chicago Bulls,98.78,93.77,5.01,93.5,105.11,99.74,5.37,0.493,0.473,0.534,0.52,51.64,111.73,99.71,49.0,33.0
364,2007,5,Cleveland Cavaliers,96.76,92.93,3.83,90.34,106.03,101.53,4.5,0.484,0.48,0.522,0.525,52.19,106.49,99.62,50.0,32.0
365,2007,6,Dallas Mavericks,100.01,92.79,7.22,89.29,111.58,103.31,8.27,0.509,0.47700000000000004,0.5589999999999999,0.527,52.36,113.78,96.81,67.0,15.0
366,2007,7,Denver Nuggets,105.35,103.73,1.62,96.93,108.14,106.53,1.61,0.501,0.499,0.5479999999999999,0.535,50.65,117.63,115.46,45.0,37.0
367,2007,8,Detroit Pistons,96.0,91.84,4.16,87.32,108.84,104.01,4.83,0.488,0.47700000000000004,0.535,0.522,49.6,110.55,99.78,53.0,29.0
368,2007,9,Golden State Warriors,106.55,106.89,-0.34,98.93,107.3,107.76,-0.46,0.512,0.506,0.5479999999999999,0.552,47.15,117.42,120.76,42.0,40.0
369,2007,10,Houston Rockets,96.99,92.13,4.85,90.46,106.27,101.0,5.26,0.499,0.466,0.54,0.512,51.49,108.82,98.6,52.0,30.0
370,2007,11,Indiana Pacers,95.61,98.05,-2.44,92.28,103.09,105.97,-2.88,0.474,0.491,0.523,0.541,50.12,103.6,108.13,35.0,47.0
371,2007,12,Los Angeles Clippers,95.65,96.11,-0.46,90.62,105.28,105.79,-0.51,0.48100000000000004,0.488,0.537,0.534,51.15,109.13,104.72,40.0,42.0
372,2007,13,Los Angeles Lakers,103.34,103.42,-0.07,93.48,108.61,108.89,-0.27,0.511,0.5,0.555,0.5479999999999999,49.4,114.28,115.28,42.0,40.0
373,2007,14,Memphis Grizzlies,101.6,106.74,-5.15,93.6,106.92,112.23,-5.32,0.504,0.529,0.555,0.569,48.45,108.61,124.38,22.0,60.0
374,2007,15,Miami Heat,94.62,95.54,-0.92,89.4,104.91,105.84,-0.93,0.506,0.485,0.541,0.528,49.67,105.54,103.54,44.0,38.0
375,2007,16,Milwaukee Bucks,99.66,104.04,-4.38,92.3,107.02,112.04,-5.02,0.504,0.522,0.541,0.561,47.65,105.7,121.11,28.0,54.0
376,2007,17,Minnesota Timberwolves,96.06,99.73,-3.67,91.05,103.8,107.78,-3.98,0.49,0.498,0.537,0.541,49.23,106.63,110.85,32.0,50.0
377,2007,18,New Jersey Nets,97.57,98.34,-0.77,91.34,105.75,106.33,-0.58,0.504,0.49,0.546,0.54,49.66,108.2,109.48,41.0,41.0
378,2007,19,New Orleans Hornets,95.52,97.1,-1.57,90.17,104.87,106.72,-1.84,0.479,0.499,0.52,0.539,51.39,103.04,108.06,39.0,43.0
379,2007,20,New York Knicks,97.49,100.34,-2.85,90.9,105.5,108.85,-3.35,0.494,0.504,0.539,0.5479999999999999,52.72,102.55,109.99,33.0,49.0
380,2007,21,Orlando Magic,94.77,93.99,0.78,89.42,105.44,104.69,0.76,0.5,0.48,0.544,0.534,51.99,101.85,100.96,40.0,42.0
381,2007,22,Philadelphia 76ers,94.94,97.96,-3.02,90.56,103.79,107.02,-3.24,0.48,0.501,0.53,0.542,49.09,103.72,108.85,35.0,47.0
382,2007,23,Phoenix Suns,110.21,102.9,7.31,95.01,114.68,106.88,7.81,0.552,0.49200000000000005,0.59,0.5329999999999999,48.59,127.57,108.27,61.0,21.0
383,2007,24,Portland Trailblazers,94.11,98.4,-4.29,88.13,105.31,110.01,-4.7,0.483,0.508,0.53,0.557,50.19,100.4,109.63,32.0,50.0
384,2007,25,Sacramento Kings,101.26,103.06,-1.81,94.67,106.29,108.1,-1.81,0.491,0.513,0.545,0.556,47.32,106.96,115.73,33.0,49.0
385,2007,26,San Antonio Spurs,98.52,90.1,8.43,89.17,109.93,100.54,9.39,0.521,0.47100000000000003,0.561,0.511,50.99,113.7,94.38,58.0,24.0
386,2007,27,Seattle SuperSonics,99.15,102.04,-2.89,91.69,107.31,110.46,-3.14,0.499,0.515,0.544,0.5579999999999999,49.15,107.77,114.48,31.0,51.0
387,2007,28,Toronto Raptors,99.48,98.49,0.99,92.6,107.02,105.86,1.16,0.504,0.503,0.55,0.5429999999999999,48.11,111.22,108.63,47.0,35.0
388,2007,29,Utah Jazz,101.49,98.62,2.87,91.66,110.02,106.84,3.18,0.502,0.496,0.551,0.5539999999999999,53.45,115.59,104.52,51.0,31.0
389,2007,30,Washington Wizards,104.34,104.85,-0.51,94.17,109.96,110.71,-0.75,0.491,0.517,0.542,0.562,48.93,112.17,118.4,41.0,41.0
390,2006,1,Atlanta Hawks,97.22,101.98,-4.76,90.63,106.19,111.35,-5.15,0.486,0.513,0.534,0.5589999999999999,49.89,104.18,112.88,26.0,56.0
391,2006,2,Boston Celtics,97.96,99.5,-1.54,92.33,105.03,106.88,-1.84,0.504,0.49,0.551,0.541,49.74,107.1,109.79,33.0,49.0
392,2006,3,Charlotte Bobcats,96.87,100.87,-4.0,93.24,102.72,106.86,-4.15,0.46399999999999997,0.514,0.509,0.5579999999999999,47.47,103.73,114.74,26.0,56.0
393,2006,4,Chicago Bulls,97.81,97.17,0.63,92.61,104.41,103.63,0.79,0.48700000000000004,0.46399999999999997,0.528,0.524,50.62,106.59,105.01,41.0,41.0
394,2006,5,Cleveland Cavaliers,97.59,95.35,2.23,89.5,108.21,105.51,2.7,0.49200000000000005,0.49,0.5379999999999999,0.532,51.81,106.82,104.06,50.0,32.0
395,2006,6,Dallas Mavericks,99.15,93.07,6.07,88.17,111.32,104.75,6.58,0.495,0.475,0.55,0.525,52.4,111.7,97.51,60.0,22.0
396,2006,7,Denver Nuggets,100.33,100.1,0.23,93.72,105.71,105.31,0.39,0.488,0.493,0.535,0.534,49.67,113.82,111.15,44.0,38.0
397,2006,8,Detroit Pistons,96.84,90.17,6.67,86.78,110.75,103.15,7.6,0.49700000000000005,0.47700000000000004,0.535,0.514,49.79,113.6,97.35,64.0,18.0
398,2006,9,Golden State Warriors,98.49,99.84,-1.35,93.59,104.44,106.33,-1.89,0.479,0.49200000000000005,0.521,0.536,48.73,105.06,112.79,34.0,48.0
399,2006,10,Houston Rockets,90.09,91.67,-1.59,87.94,101.67,103.3,-1.63,0.47100000000000003,0.47200000000000003,0.519,0.519,50.47,99.34,100.72,34.0,48.0
400,2006,11,Indiana Pacers,93.89,92.0,1.89,89.8,104.29,102.36,1.93,0.48700000000000004,0.46399999999999997,0.5329999999999999,0.509,50.53,104.09,100.27,41.0,41.0
401,2006,12,Los Angeles Clippers,97.2,95.62,1.57,91.55,105.49,103.5,2.0,0.48700000000000004,0.47100000000000003,0.54,0.516,51.77,112.43,103.56,47.0,35.0
402,2006,13,Los Angeles Lakers,99.44,96.94,2.5,91.08,108.22,105.62,2.6,0.495,0.486,0.539,0.531,51.23,110.46,105.11,45.0,37.0
403,2006,14,Memphis Grizzlies,92.17,88.48,3.7,86.19,106.0,101.65,4.35,0.496,0.469,0.537,0.516,49.1,101.99,99.24,49.0,33.0
404,2006,15,Miami Heat,99.89,96.02,3.87,91.32,108.97,104.61,4.36,0.517,0.47700000000000004,0.556,0.524,52.59,112.57,100.94,52.0,30.0
405,2006,16,Milwaukee Bucks,97.81,98.84,-1.04,91.38,106.09,107.34,-1.25,0.49200000000000005,0.504,0.535,0.55,50.52,106.56,111.6,40.0,42.0
406,2006,17,Minnesota Timberwolves,91.73,93.61,-1.88,88.35,102.91,104.95,-2.04,0.48,0.475,0.524,0.52,48.85,103.22,101.01,33.0,49.0
407,2006,18,New Jersey Nets,93.79,92.43,1.37,89.9,103.81,102.34,1.47,0.478,0.47600000000000003,0.528,0.526,49.81,105.35,101.67,49.0,33.0
408,2006,19,New Orleans Hornets,92.82,95.63,-2.82,89.24,103.35,106.48,-3.12,0.46399999999999997,0.502,0.515,0.547,49.54,99.99,106.09,38.0,44.0
409,2006,20,New York Knicks,95.63,102.04,-6.4,90.92,103.87,111.1,-7.23,0.48100000000000004,0.511,0.534,0.562,51.75,98.05,113.11,23.0,59.0
410,2006,21,Seattle SuperSonics,102.57,105.6,-3.03,91.69,111.02,114.21,-3.18,0.504,0.527,0.551,0.5710000000000001,49.44,110.31,120.5,35.0,47.0
411,2006,22,Orlando Magic,94.93,96.0,-1.07,88.03,106.62,107.6,-0.98,0.496,0.49,0.5429999999999999,0.537,51.12,102.61,104.2,36.0,46.0
412,2006,23,Philadelphia 76ers,99.35,101.31,-1.95,92.52,106.18,108.07,-1.89,0.48700000000000004,0.5,0.5379999999999999,0.545,48.46,108.98,114.77,38.0,44.0
413,2006,24,Phoenix Suns,108.37,102.82,5.55,95.57,111.83,105.97,5.86,0.537,0.49,0.568,0.527,47.67,126.62,109.98,54.0,28.0
414,2006,25,Portland Trailblazers,88.84,98.29,-9.45,87.58,101.18,111.98,-10.8,0.474,0.507,0.511,0.5489999999999999,47.07,92.98,113.83,21.0,61.0
415,2006,26,Sacramento Kings,98.85,97.32,1.54,91.95,106.7,104.82,1.88,0.49200000000000005,0.488,0.544,0.528,49.03,109.78,108.78,44.0,38.0
416,2006,27,San Antonio Spurs,95.57,88.76,6.82,88.18,107.7,99.84,7.86,0.513,0.457,0.546,0.501,50.72,109.31,93.12,63.0,19.0
417,2006,28,Toronto Raptors,101.06,104.05,-2.99,91.14,109.36,112.63,-3.28,0.5,0.53,0.5479999999999999,0.573,48.32,106.72,118.92,27.0,55.0
418,2006,29,Utah Jazz,92.35,94.99,-2.63,88.29,103.56,106.93,-3.38,0.467,0.49,0.519,0.544,52.61,103.0,102.82,41.0,41.0
419,2006,30,Washington Wizards,101.66,99.81,1.85,92.53,109.04,107.36,1.68,0.484,0.504,0.5379999999999999,0.5489999999999999,49.55,107.89,109.31,42.0,40.0
420,2005,1,Atlanta Hawks,92.74,102.45,-9.71,91.79,100.15,110.58,-10.44,0.46399999999999997,0.513,0.504,0.564,50.37,98.35,118.57,13.0,69.0
421,2005,2,Boston Celtics,101.27,100.4,0.87,93.51,107.2,106.3,0.9,0.501,0.48100000000000004,0.551,0.5329999999999999,49.13,113.16,111.74,45.0,37.0
422,2005,3,Charlotte Bobcats,94.26,100.24,-5.99,92.52,100.85,107.63,-6.79,0.455,0.49700000000000005,0.49700000000000005,0.547,49.09,102.83,113.79,18.0,64.0
423,2005,4,Chicago Bulls,94.45,93.39,1.06,92.3,101.56,100.26,1.3,0.47100000000000003,0.45399999999999996,0.517,0.506,50.63,103.06,102.45,47.0,35.0
424,2005,5,Cleveland Cavaliers,96.51,95.72,0.79,89.86,106.46,105.83,0.63,0.47,0.485,0.518,0.532,51.54,110.26,104.82,42.0,40.0
425,2005,6,Dallas Mavericks,102.5,96.76,5.74,92.94,110.01,103.88,6.14,0.49200000000000005,0.47200000000000003,0.545,0.519,49.87,116.23,105.72,58.0,24.0
426,2005,7,Denver Nuggets,99.52,97.5,2.02,93.45,106.1,103.79,2.31,0.483,0.48200000000000004,0.535,0.528,50.18,115.73,107.15,49.0,33.0
427,2005,8,Detroit Pistons,93.33,89.46,3.87,87.28,105.46,101.08,4.38,0.47200000000000003,0.461,0.519,0.504,52.29,108.18,96.99,54.0,28.0
428,2005,9,Golden State Warriors,98.71,100.87,-2.16,93.5,104.37,106.83,-2.46,0.475,0.491,0.512,0.5329999999999999,47.8,107.83,115.99,34.0,48.0
429,2005,10,Houston Rockets,95.07,91.04,4.04,88.86,106.05,101.33,4.72,0.486,0.45899999999999996,0.535,0.508,51.02,108.11,99.55,51.0,31.0
430,2005,11,Indiana Pacers,93.0,92.24,0.76,87.52,105.06,104.03,1.03,0.47600000000000003,0.47200000000000003,0.534,0.521,49.24,101.42,100.68,44.0,38.0
431,2005,12,Los Angeles Clippers,95.72,96.49,-0.77,89.37,105.23,105.72,-0.49,0.47700000000000004,0.48,0.5329999999999999,0.526,51.45,110.33,106.09,37.0,45.0
432,2005,13,Los Angeles Lakers,98.72,101.68,-2.96,91.14,107.78,110.94,-3.16,0.485,0.493,0.535,0.536,50.45,107.57,118.68,34.0,48.0
433,2005,14,Memphis Grizzlies,93.43,91.13,2.29,88.34,105.63,102.62,3.0,0.489,0.466,0.535,0.521,48.59,105.29,101.42,45.0,37.0
434,2005,15,Miami Heat,101.55,95.02,6.53,90.56,110.45,103.25,7.21,0.524,0.46,0.5589999999999999,0.51,51.51,115.54,100.48,59.0,23.0
435,2005,16,Milwaukee Bucks,97.23,100.22,-2.99,91.06,106.24,109.62,-3.38,0.475,0.499,0.527,0.5429999999999999,50.31,105.92,114.77,30.0,52.0
436,2005,17,Minnesota Timberwolves,96.76,95.31,1.45,89.08,108.21,106.43,1.78,0.489,0.47200000000000003,0.534,0.514,50.98,113.37,105.67,44.0,38.0
437,2005,18,New Jersey Nets,91.42,92.92,-1.5,89.09,101.45,103.11,-1.67,0.46299999999999997,0.479,0.512,0.531,48.98,100.21,102.16,42.0,40.0
438,2005,19,New Orleans Hornets,88.44,95.51,-7.07,87.98,99.26,107.6,-8.34,0.446,0.491,0.493,0.541,49.02,94.23,110.43,18.0,64.0
439,2005,20,New York Knicks,97.28,99.72,-2.44,91.03,105.8,108.48,-2.68,0.485,0.501,0.531,0.5489999999999999,49.56,105.48,111.21,33.0,49.0
440,2005,21,Seattle SuperSonics,98.94,96.65,2.29,88.07,111.92,109.3,2.62,0.495,0.496,0.546,0.542,51.92,106.59,104.74,52.0,30.0
441,2005,22,Orlando Magic,99.51,101.76,-2.24,95.15,104.46,107.02,-2.56,0.478,0.484,0.529,0.532,50.92,108.63,111.54,36.0,46.0
442,2005,23,Philadelphia 76ers,99.12,99.87,-0.74,95.44,102.94,103.83,-0.89,0.475,0.485,0.528,0.537,48.8,108.1,111.98,43.0,39.0
443,2005,24,Phoenix Suns,110.42,103.29,7.12,96.01,114.42,106.85,7.57,0.534,0.478,0.5710000000000001,0.512,48.89,126.01,113.01,62.0,20.0
444,2005,25,Portland Trailblazers,92.94,96.94,-4.0,89.93,103.08,107.71,-4.63,0.484,0.479,0.524,0.519,49.36,104.17,111.89,27.0,55.0
445,2005,26,Sacramento Kings,103.72,101.56,2.16,93.41,110.05,107.71,2.35,0.496,0.493,0.541,0.532,48.9,118.77,113.1,50.0,32.0
446,2005,27,San Antonio Spurs,96.2,88.39,7.81,88.88,107.55,98.81,8.74,0.49200000000000005,0.452,0.534,0.502,51.33,111.11,93.35,59.0,23.0
447,2005,28,Toronto Raptors,99.73,101.35,-1.62,92.69,106.92,108.49,-1.57,0.49200000000000005,0.499,0.539,0.5429999999999999,46.98,108.05,115.09,33.0,49.0
448,2005,29,Utah Jazz,92.99,97.26,-4.27,88.85,104.12,109.16,-5.03,0.469,0.499,0.522,0.5589999999999999,51.58,102.5,106.95,26.0,56.0
449,2005,30,Washington Wizards,100.5,100.83,-0.33,93.68,106.74,107.29,-0.56,0.474,0.498,0.523,0.541,49.86,106.48,113.5,45.0,37.0
450,2004,1,Atlanta Hawks,92.82,97.46,-4.65,91.52,100.28,105.26,-4.98,0.465,0.47600000000000003,0.514,0.522,49.79,102.16,111.21,28.0,54.0
451,2004,2,Boston Celtics,95.26,96.71,-1.45,93.32,101.95,103.55,-1.61,0.486,0.479,0.532,0.524,47.81,103.68,108.46,36.0,46.0
452,2004,3,Chicago Bulls,89.7,96.05,-6.35,92.12,96.64,103.41,-6.78,0.446,0.469,0.486,0.518,49.13,98.32,111.15,23.0,59.0
453,2004,4,Cleveland Cavaliers,92.92,95.54,-2.62,90.73,101.51,104.18,-2.67,0.451,0.469,0.498,0.513,52.03,107.15,107.45,35.0,47.0
454,2004,5,Dallas Mavericks,105.2,100.76,4.44,93.31,112.03,107.27,4.76,0.495,0.498,0.536,0.537,50.97,123.68,114.21,52.0,30.0
455,2004,6,Denver Nuggets,97.22,96.15,1.07,93.48,103.74,102.62,1.12,0.467,0.48100000000000004,0.517,0.522,49.64,110.07,109.06,43.0,39.0
456,2004,7,Detroit Pistons,90.1,84.26,5.84,88.13,101.72,95.1,6.62,0.461,0.441,0.511,0.484,51.26,104.46,91.01,54.0,28.0
457,2004,8,Golden State Warriors,93.28,94.01,-0.73,89.85,102.91,103.7,-0.79,0.475,0.47600000000000003,0.517,0.517,50.16,103.17,107.43,37.0,45.0
458,2004,9,Houston Rockets,89.78,88.05,1.73,87.74,101.04,99.14,1.91,0.484,0.447,0.528,0.495,51.75,101.01,96.16,45.0,37.0
459,2004,10,Indiana Pacers,91.38,85.62,5.76,87.38,103.91,97.15,6.76,0.47100000000000003,0.45899999999999996,0.52,0.504,50.95,105.71,95.77,61.0,21.0
460,2004,11,Los Angeles Clippers,94.77,99.35,-4.59,91.31,103.13,108.12,-4.99,0.45299999999999996,0.494,0.512,0.536,51.25,102.71,113.62,28.0,54.0
461,2004,12,Los Angeles Lakers,98.2,94.29,3.9,92.3,105.45,101.46,3.99,0.48100000000000004,0.47100000000000003,0.522,0.515,50.4,111.37,103.0,56.0,26.0
462,2004,13,Memphis Grizzlies,96.71,94.27,2.44,91.45,104.69,101.91,2.78,0.479,0.465,0.522,0.516,48.73,111.87,105.2,50.0,32.0
463,2004,14,Miami Heat,90.27,89.74,0.52,88.12,102.05,101.36,0.69,0.46299999999999997,0.46299999999999997,0.51,0.516,50.15,98.16,98.59,42.0,40.0
464,2004,15,Milwaukee Bucks,98.04,96.98,1.06,92.11,105.9,104.98,0.93,0.47700000000000004,0.485,0.528,0.525,49.7,110.61,110.27,41.0,41.0
465,2004,16,Minnesota Timberwolves,94.55,89.06,5.49,89.09,105.73,99.69,6.04,0.486,0.444,0.528,0.49,50.86,112.95,95.68,58.0,24.0
466,2004,17,New Jersey Nets,90.26,87.76,2.5,89.68,100.52,97.61,2.9,0.47100000000000003,0.46,0.515,0.506,49.93,104.9,96.43,47.0,35.0
467,2004,18,New Orleans Hornets,91.82,91.95,-0.13,89.46,101.85,102.22,-0.37,0.46,0.47600000000000003,0.505,0.519,50.43,101.67,104.23,41.0,41.0
468,2004,19,New York Knicks,91.98,93.45,-1.48,90.12,101.03,102.78,-1.75,0.474,0.461,0.518,0.514,50.72,103.49,103.49,39.0,43.0
469,2004,20,Seattle SuperSonics,97.12,97.76,-0.63,90.04,107.19,107.68,-0.5,0.501,0.48700000000000004,0.54,0.5329999999999999,47.97,107.57,109.74,37.0,45.0
470,2004,21,Orlando Magic,94.04,101.06,-7.02,91.09,102.46,110.38,-7.92,0.461,0.502,0.504,0.54,47.93,98.17,119.63,21.0,61.0
471,2004,22,Philadelphia 76ers,87.99,90.48,-2.49,88.3,98.77,101.62,-2.85,0.456,0.467,0.505,0.512,49.67,96.76,102.32,33.0,49.0
472,2004,23,Phoenix Suns,94.18,97.93,-3.74,92.62,101.43,105.48,-4.05,0.475,0.48200000000000004,0.515,0.529,48.14,102.04,110.21,29.0,53.0
473,2004,24,Portland Trailblazers,90.73,92.0,-1.27,86.38,103.46,104.85,-1.39,0.478,0.48200000000000004,0.515,0.518,50.8,103.81,106.5,41.0,41.0
474,2004,25,Sacramento Kings,102.84,97.83,5.01,93.05,109.96,104.4,5.56,0.507,0.483,0.5539999999999999,0.521,48.42,120.33,110.1,55.0,27.0
475,2004,26,San Antonio Spurs,91.48,84.26,7.22,89.08,102.31,94.12,8.19,0.473,0.433,0.511,0.48,52.34,105.68,88.65,57.0,25.0
476,2004,27,Toronto Raptors,85.44,88.45,-3.01,87.09,96.64,100.14,-3.5,0.45399999999999996,0.449,0.495,0.499,46.78,93.13,98.61,33.0,49.0
477,2004,28,Utah Jazz,88.67,89.89,-1.22,87.0,101.41,102.93,-1.52,0.456,0.46799999999999997,0.509,0.53,52.95,98.76,97.33,42.0,40.0
478,2004,29,Washington Wizards,91.84,97.44,-5.6,92.66,98.37,104.36,-6.0,0.45399999999999996,0.486,0.5,0.528,49.57,96.5,114.39,25.0,57.0
479,2003,1,Atlanta Hawks,94.07,97.63,-3.56,91.64,101.5,105.27,-3.77,0.47600000000000003,0.469,0.527,0.514,50.01,105.78,110.01,35.0,47.0
480,2003,2,Boston Celtics,92.67,93.06,-0.39,90.87,101.21,101.73,-0.52,0.47,0.47100000000000003,0.514,0.518,47.38,98.65,106.1,44.0,38.0
481,2003,3,Chicago Bulls,94.95,100.09,-5.13,93.74,100.03,105.53,-5.5,0.47100000000000003,0.47,0.512,0.521,48.87,104.24,115.06,30.0,52.0
482,2003,4,Cleveland Cavaliers,91.4,101.02,-9.62,94.35,96.14,106.31,-10.18,0.444,0.484,0.491,0.534,51.67,99.85,117.6,17.0,65.0
483,2003,5,Dallas Mavericks,102.98,95.2,7.78,92.72,110.5,102.5,8.0,0.498,0.473,0.5429999999999999,0.515,48.11,119.72,104.96,60.0,22.0
484,2003,6,Denver Nuggets,84.16,92.44,-8.28,91.18,92.06,101.46,-9.4,0.428,0.47700000000000004,0.469,0.5329999999999999,51.26,90.38,105.23,17.0,65.0
485,2003,7,Detroit Pistons,91.37,87.68,3.68,87.07,103.75,99.5,4.25,0.473,0.461,0.523,0.506,49.56,102.22,96.29,50.0,32.0
486,2003,8,Golden State Warriors,102.44,103.57,-1.13,94.81,107.64,108.75,-1.11,0.47200000000000003,0.48200000000000004,0.526,0.525,51.6,114.48,118.21,38.0,44.0
487,2003,9,Houston Rockets,93.76,92.28,1.48,89.21,103.78,101.9,1.88,0.474,0.462,0.522,0.506,51.85,104.57,102.31,43.0,39.0
488,2003,10,Indiana Pacers,96.83,93.34,3.49,91.83,104.25,100.66,3.6,0.469,0.45799999999999996,0.522,0.506,51.14,112.63,102.98,48.0,34.0
489,2003,11,Los Angeles Clippers,93.82,97.94,-4.12,91.54,102.1,106.6,-4.5,0.467,0.48100000000000004,0.517,0.525,49.74,101.93,111.67,27.0,55.0
490,2003,12,Los Angeles Lakers,100.37,98.04,2.33,92.76,106.84,104.57,2.28,0.486,0.47700000000000004,0.528,0.525,51.27,114.59,107.38,50.0,32.0
491,2003,13,Memphis Grizzlies,97.5,100.73,-3.23,92.75,103.8,107.13,-3.33,0.48700000000000004,0.491,0.526,0.529,48.08,110.16,118.07,28.0,54.0
492,2003,14,Miami Heat,85.56,90.61,-5.05,87.71,96.81,102.36,-5.54,0.439,0.47,0.483,0.52,49.66,91.73,101.1,25.0,57.0
493,2003,15,Milwaukee Bucks,99.49,99.26,0.23,90.67,108.48,108.3,0.18,0.5,0.494,0.5429999999999999,0.5379999999999999,47.66,111.48,112.35,42.0,40.0
494,2003,16,Minnesota Timberwolves,98.12,96.05,2.07,91.95,106.04,103.91,2.13,0.488,0.47200000000000003,0.529,0.512,51.11,116.18,106.71,51.0,31.0
495,2003,17,New Jersey Nets,95.37,90.15,5.22,91.52,103.81,97.82,5.99,0.46799999999999997,0.46,0.518,0.505,50.91,108.79,97.78,49.0,33.0
496,2003,18,New Orleans Hornets,93.89,91.78,2.11,89.83,103.34,101.33,2.01,0.465,0.46399999999999997,0.511,0.511,52.15,106.74,100.44,47.0,35.0
497,2003,19,New York Knicks,95.85,97.21,-1.35,90.85,104.58,106.03,-1.45,0.486,0.485,0.528,0.536,47.56,104.15,110.15,37.0,45.0
498,2003,20,Seattle SuperSonics,92.13,92.26,-0.12,88.01,103.76,103.8,-0.04,0.47200000000000003,0.484,0.512,0.524,49.61,103.16,102.39,40.0,42.0
499,2003,21,Orlando Magic,98.51,98.38,0.13,93.26,104.96,104.82,0.14,0.478,0.486,0.526,0.534,48.44,105.89,111.49,42.0,40.0
500,2003,22,Philadelphia 76ers,96.84,94.54,2.3,92.14,104.17,101.73,2.44,0.466,0.488,0.52,0.534,51.1,109.37,106.09,48.0,34.0
501,2003,23,Phoenix Suns,95.54,94.4,1.14,91.55,103.69,102.46,1.23,0.473,0.47,0.514,0.516,49.79,105.82,106.55,44.0,38.0
502,2003,24,Portland Trailblazers,95.16,92.55,2.61,89.1,105.86,102.74,3.13,0.489,0.483,0.531,0.522,51.26,108.39,104.13,50.0,32.0
503,2003,25,Sacramento Kings,101.73,95.23,6.5,95.53,105.69,98.69,7.0,0.499,0.446,0.535,0.489,49.27,119.95,104.02,59.0,23.0
504,2003,26,San Antonio Spurs,95.81,90.39,5.42,90.51,105.06,99.17,5.88,0.49700000000000005,0.45299999999999996,0.541,0.496,51.05,108.45,97.42,60.0,22.0
505,2003,27,Toronto Raptors,90.89,96.76,-5.87,89.91,100.46,107.03,-6.57,0.45799999999999996,0.489,0.498,0.532,48.57,97.11,111.48,24.0,58.0
506,2003,28,Utah Jazz,94.66,92.27,2.39,89.55,105.18,102.38,2.8,0.486,0.46799999999999997,0.537,0.519,52.07,112.71,98.6,47.0,35.0
507,2003,29,Washington Wizards,91.49,92.5,-1.01,88.32,102.81,103.76,-0.95,0.46,0.47700000000000004,0.513,0.52,49.37,102.0,104.56,37.0,45.0
508,2002,1,Atlanta Hawks,94.04,98.27,-4.23,92.38,101.27,105.99,-4.71,0.47100000000000003,0.495,0.517,0.535,49.1,102.61,114.18,33.0,49.0
509,2002,2,Boston Celtics,96.35,94.15,2.21,92.45,103.43,100.93,2.5,0.47600000000000003,0.46399999999999997,0.52,0.515,47.92,106.66,107.76,49.0,33.0
510,2002,3,Chicago Bulls,89.45,97.99,-8.54,90.63,98.08,107.68,-9.6,0.456,0.49700000000000005,0.499,0.541,48.42,97.99,116.33,21.0,61.0
511,2002,4,Cleveland Cavaliers,95.27,98.6,-3.33,90.27,104.61,108.19,-3.58,0.47700000000000004,0.493,0.524,0.534,51.04,109.54,113.34,29.0,53.0
512,2002,5,Dallas Mavericks,105.23,100.98,4.26,93.19,111.79,107.45,4.34,0.507,0.485,0.5529999999999999,0.53,48.75,119.82,114.07,57.0,25.0
513,2002,6,Denver Nuggets,92.18,98.0,-5.82,90.33,101.41,108.13,-6.72,0.455,0.49200000000000005,0.495,0.537,49.3,101.74,116.59,27.0,55.0
514,2002,7,Detroit Pistons,94.33,92.2,2.13,90.05,104.75,102.22,2.54,0.49700000000000005,0.474,0.54,0.516,47.57,107.6,102.71,50.0,32.0
515,2002,8,Golden State Warriors,97.67,103.07,-5.4,94.73,102.59,108.42,-5.83,0.452,0.488,0.499,0.5329999999999999,51.88,106.68,119.65,21.0,61.0
516,2002,9,Houston Rockets,92.34,97.23,-4.89,88.55,102.71,108.34,-5.63,0.465,0.491,0.507,0.525,49.17,98.96,113.65,28.0,54.0
517,2002,10,Indiana Pacers,96.81,96.54,0.27,92.18,103.83,103.59,0.25,0.47700000000000004,0.469,0.527,0.514,49.55,110.81,108.2,42.0,40.0
518,2002,11,Los Angeles Clippers,95.68,96.15,-0.46,90.1,105.53,106.23,-0.7,0.47600000000000003,0.47700000000000004,0.519,0.515,50.81,107.21,109.54,39.0,43.0
519,2002,12,Los Angeles Lakers,101.27,94.15,7.12,92.19,109.29,101.71,7.58,0.498,0.45299999999999996,0.534,0.502,50.61,116.94,101.78,58.0,24.0
520,2002,13,Memphis Grizzlies,89.9,97.34,-7.44,91.29,97.98,105.88,-7.9,0.462,0.486,0.501,0.524,47.9,99.57,116.59,23.0,59.0
521,2002,14,Miami Heat,87.2,88.73,-1.54,87.27,98.66,100.25,-1.59,0.46299999999999997,0.455,0.501,0.504,50.5,98.16,95.61,36.0,46.0
522,2002,15,Milwaukee Bucks,97.51,97.73,-0.22,90.39,106.66,106.97,-0.31,0.507,0.47700000000000004,0.544,0.52,49.35,111.35,110.32,41.0,41.0
523,2002,16,Minnesota Timberwolves,99.33,95.95,3.38,90.52,109.04,105.13,3.91,0.49,0.48200000000000004,0.532,0.524,52.79,116.76,105.79,50.0,32.0
524,2002,17,New Jersey Nets,96.21,92.05,4.16,91.9,103.9,99.32,4.58,0.47600000000000003,0.45899999999999996,0.515,0.503,50.27,112.09,100.17,52.0,30.0
525,2002,18,Charlotte Hornets,93.9,92.94,0.96,89.77,104.21,103.32,0.89,0.466,0.465,0.513,0.512,51.46,107.32,102.45,44.0,38.0
526,2002,19,New York Knicks,91.63,95.62,-3.99,89.66,101.55,105.96,-4.41,0.46799999999999997,0.479,0.514,0.525,48.79,99.71,109.4,30.0,52.0
527,2002,20,Seattle SuperSonics,97.73,94.71,3.03,89.17,108.77,105.39,3.38,0.505,0.485,0.54,0.524,49.14,112.92,105.57,45.0,37.0
528,2002,21,Orlando Magic,100.49,98.92,1.57,93.25,106.94,105.39,1.55,0.493,0.486,0.5329999999999999,0.526,47.61,111.1,113.7,44.0,38.0
529,2002,22,Philadelphia 76ers,90.99,89.39,1.6,89.31,101.62,99.57,2.06,0.452,0.46,0.507,0.503,52.14,103.9,100.18,43.0,39.0
530,2002,23,Phoenix Suns,95.15,95.83,-0.68,91.61,103.08,103.76,-0.69,0.47200000000000003,0.47600000000000003,0.51,0.521,49.85,107.65,109.18,36.0,46.0
531,2002,24,Portland Trailblazers,96.65,93.66,2.99,89.31,107.4,104.02,3.38,0.485,0.489,0.528,0.527,52.3,112.39,106.12,49.0,33.0
532,2002,25,Sacramento Kings,104.61,97.0,7.61,95.53,109.09,101.06,8.04,0.49700000000000005,0.467,0.539,0.504,50.22,121.96,108.12,61.0,21.0
533,2002,26,San Antonio Spurs,96.73,90.52,6.21,90.01,106.53,99.56,6.97,0.49200000000000005,0.45299999999999996,0.539,0.495,50.3,110.32,98.45,58.0,24.0
534,2002,27,Toronto Raptors,91.39,91.83,-0.44,88.92,102.39,102.95,-0.56,0.46299999999999997,0.47100000000000003,0.501,0.518,50.14,103.71,101.85,42.0,40.0
535,2002,28,Utah Jazz,95.99,95.1,0.89,90.46,105.31,104.06,1.26,0.47200000000000003,0.484,0.529,0.539,52.48,112.54,103.81,44.0,38.0
536,2002,29,Washington Wizards,92.79,94.2,-1.4,88.7,104.35,105.91,-1.56,0.46399999999999997,0.484,0.508,0.526,50.83,104.06,106.94,37.0,45.0
537,2001,1,Atlanta Hawks,90.96,96.17,-5.21,92.59,97.99,103.83,-5.84,0.456,0.47200000000000003,0.5,0.522,49.68,97.98,110.29,25.0,57.0
538,2001,2,Boston Celtics,94.62,96.76,-2.13,92.66,101.35,103.7,-2.35,0.473,0.493,0.521,0.54,47.99,101.43,111.23,36.0,46.0
539,2001,3,Chicago Bulls,87.57,96.67,-9.1,89.52,96.96,107.37,-10.41,0.45,0.499,0.495,0.5429999999999999,47.59,95.67,113.59,15.0,67.0
540,2001,4,Cleveland Cavaliers,92.21,96.45,-4.24,91.22,100.32,104.77,-4.45,0.45899999999999996,0.47700000000000004,0.509,0.526,50.47,102.24,110.9,30.0,52.0
541,2001,5,Dallas Mavericks,100.48,96.2,4.28,93.12,107.22,102.47,4.76,0.498,0.467,0.544,0.514,47.96,114.2,107.22,53.0,29.0
542,2001,6,Denver Nuggets,96.56,99.02,-2.46,92.98,103.33,105.95,-2.62,0.47,0.47600000000000003,0.511,0.52,49.81,110.96,116.11,40.0,42.0
543,2001,7,Detroit Pistons,95.57,97.27,-1.7,94.82,99.91,101.58,-1.67,0.45299999999999996,0.466,0.498,0.511,50.34,102.57,108.77,32.0,50.0
544,2001,8,Golden State Warriors,92.49,101.54,-9.05,94.76,97.11,106.73,-9.62,0.429,0.504,0.47,0.546,49.99,99.6,121.61,17.0,65.0
545,2001,9,Houston Rockets,97.22,94.93,2.29,90.49,106.62,103.98,2.64,0.49200000000000005,0.475,0.5379999999999999,0.515,50.26,107.1,105.94,45.0,37.0
546,2001,10,Indiana Pacers,92.57,92.77,-0.2,89.86,101.47,101.73,-0.26,0.47100000000000003,0.452,0.519,0.501,49.85,105.78,102.28,41.0,41.0
547,2001,11,Los Angeles Clippers,92.45,95.34,-2.89,89.61,101.36,104.77,-3.41,0.47600000000000003,0.466,0.514,0.51,50.29,100.92,107.67,31.0,51.0
548,2001,12,Los Angeles Lakers,100.62,97.24,3.38,91.7,108.49,104.83,3.67,0.498,0.46799999999999997,0.535,0.515,51.98,114.74,104.78,56.0,26.0
549,2001,13,Vancouver Grizzlies,91.73,97.46,-5.73,91.98,99.22,105.45,-6.23,0.46399999999999997,0.491,0.51,0.527,48.11,101.83,114.39,23.0,59.0
550,2001,14,Miami Heat,88.89,86.6,2.29,87.28,100.82,98.2,2.61,0.469,0.46,0.515,0.503,48.55,97.72,94.38,50.0,32.0
551,2001,15,Milwaukee Bucks,100.73,96.85,3.88,92.52,108.33,103.94,4.39,0.499,0.473,0.542,0.523,49.79,115.48,107.73,52.0,30.0
552,2001,16,Minnesota Timberwolves,97.34,95.99,1.35,91.8,105.23,103.87,1.37,0.48200000000000004,0.478,0.523,0.522,50.0,115.54,106.44,47.0,35.0
553,2001,17,New Jersey Nets,92.1,97.15,-5.05,92.22,99.62,105.2,-5.59,0.452,0.488,0.504,0.536,47.26,97.95,112.56,26.0,56.0
554,2001,18,Charlotte Hornets,91.94,89.84,2.1,90.06,101.06,98.91,2.15,0.457,0.456,0.506,0.502,52.25,107.66,98.65,46.0,36.0
555,2001,19,New York Knicks,88.72,86.09,2.64,86.56,101.34,98.1,3.24,0.47600000000000003,0.45299999999999996,0.523,0.501,50.05,98.23,92.45,48.0,34.0
556,2001,20,Seattle SuperSonics,97.29,97.27,0.03,91.59,105.56,105.61,-0.06,0.491,0.488,0.53,0.526,49.59,108.59,112.43,44.0,38.0
557,2001,21,Orlando Magic,97.46,96.48,0.99,92.91,103.46,102.3,1.16,0.474,0.46399999999999997,0.513,0.519,48.95,107.33,107.73,43.0,39.0
558,2001,22,Philadelphia 76ers,94.67,90.39,4.28,91.17,102.93,98.21,4.72,0.46799999999999997,0.46,0.518,0.499,52.31,107.71,100.04,56.0,26.0
559,2001,23,Phoenix Suns,94.02,91.82,2.21,93.24,100.21,97.78,2.43,0.46,0.46,0.506,0.512,50.06,107.48,100.59,51.0,31.0
560,2001,24,Portland Trailblazers,95.42,91.22,4.2,89.22,106.41,101.82,4.58,0.49700000000000005,0.47,0.539,0.513,51.93,112.71,98.77,50.0,32.0
561,2001,25,Sacramento Kings,101.74,95.93,5.82,94.38,105.66,99.39,6.27,0.484,0.461,0.529,0.498,49.52,117.34,107.63,55.0,27.0
562,2001,26,San Antonio Spurs,96.17,88.42,7.76,89.66,106.45,97.56,8.89,0.496,0.444,0.541,0.483,51.53,113.15,95.95,58.0,24.0
563,2001,27,Toronto Raptors,97.65,95.39,2.26,90.9,105.94,103.29,2.65,0.46799999999999997,0.47600000000000003,0.51,0.518,51.48,113.49,105.84,47.0,35.0
564,2001,28,Utah Jazz,97.06,92.37,4.7,90.14,107.13,102.35,4.78,0.49700000000000005,0.473,0.546,0.531,52.11,114.32,98.85,53.0,29.0
565,2001,29,Washington Wizards,93.23,99.9,-6.67,92.83,100.43,107.75,-7.31,0.46,0.503,0.514,0.545,50.33,100.11,114.98,19.0,63.0
566,2000,1,Atlanta Hawks,94.33,99.71,-5.38,92.39,101.32,106.9,-5.58,0.46,0.48100000000000004,0.504,0.521,51.31,102.73,114.94,28.0,54.0
567,2000,2,Boston Celtics,99.34,100.1,-0.76,95.16,104.13,105.31,-1.18,0.474,0.498,0.52,0.552,50.99,108.48,111.99,35.0,47.0
568,2000,3,Chicago Bulls,84.78,94.18,-9.4,89.84,93.77,104.15,-10.39,0.44299999999999995,0.484,0.49,0.529,49.55,89.17,111.46,17.0,65.0
569,2000,4,Cleveland Cavaliers,96.95,100.45,-3.5,96.12,99.98,103.4,-3.43,0.46799999999999997,0.474,0.516,0.529,49.37,107.16,113.59,32.0,50.0
570,2000,5,Dallas Mavericks,101.42,101.99,-0.57,95.31,106.14,106.71,-0.57,0.49,0.488,0.532,0.527,45.95,112.59,117.45,40.0,42.0
571,2000,6,Denver Nuggets,98.96,101.09,-2.12,94.96,103.3,105.5,-2.2,0.47600000000000003,0.479,0.517,0.524,50.21,112.04,115.82,35.0,47.0
572,2000,7,Detroit Pistons,103.45,102.01,1.44,96.22,106.7,105.26,1.45,0.49200000000000005,0.499,0.5479999999999999,0.544,49.26,111.12,113.2,42.0,40.0
573,2000,8,Golden State Warriors,95.54,103.81,-8.27,95.99,99.15,107.92,-8.77,0.444,0.499,0.485,0.546,49.71,103.18,122.46,19.0,63.0
574,2000,9,Houston Rockets,99.46,100.33,-0.87,94.48,104.48,105.64,-1.15,0.494,0.48100000000000004,0.536,0.522,50.82,109.54,114.5,34.0,48.0
575,2000,10,Indiana Pacers,101.29,96.7,4.6,93.63,107.91,103.15,4.76,0.503,0.469,0.552,0.509,49.07,116.01,107.01,56.0,26.0
576,2000,11,Los Angeles Clippers,92.02,103.55,-11.53,94.39,97.37,109.45,-12.08,0.45799999999999996,0.507,0.499,0.546,47.14,95.38,121.18,15.0,67.0
577,2000,12,Los Angeles Lakers,100.82,92.27,8.55,93.66,106.96,97.71,9.25,0.484,0.44299999999999995,0.525,0.49,52.14,117.88,97.67,67.0,15.0
578,2000,13,Vancouver Grizzlies,93.93,99.55,-5.62,91.32,101.95,107.83,-5.89,0.474,0.502,0.524,0.545,50.17,101.98,116.15,22.0,60.0
579,2000,14,Miami Heat,94.38,91.27,3.11,90.01,104.06,100.5,3.56,0.495,0.45299999999999996,0.5329999999999999,0.5,51.64,111.76,97.21,52.0,30.0
580,2000,15,Milwaukee Bucks,101.22,101.0,0.22,93.08,107.79,107.45,0.35,0.494,0.496,0.539,0.5429999999999999,49.88,113.82,112.74,42.0,40.0
581,2000,16,Minnesota Timberwolves,98.52,96.0,2.52,92.26,105.58,102.96,2.62,0.485,0.474,0.525,0.522,50.96,117.76,104.04,50.0,32.0
582,2000,17,New Jersey Nets,98.0,99.04,-1.04,93.45,104.08,105.21,-1.13,0.46799999999999997,0.491,0.517,0.532,46.98,107.31,113.98,31.0,51.0
583,2000,18,Charlotte Hornets,98.44,95.77,2.67,94.59,103.54,100.8,2.75,0.475,0.478,0.53,0.516,50.02,115.52,107.67,49.0,33.0
584,2000,19,New York Knicks,92.13,90.67,1.46,89.19,102.52,100.64,1.89,0.48200000000000004,0.455,0.527,0.506,49.66,101.23,97.85,50.0,32.0
585,2000,20,Seattle SuperSonics,99.09,98.13,0.95,93.66,105.26,104.55,0.71,0.48700000000000004,0.483,0.52,0.521,48.82,109.5,112.6,45.0,37.0
586,2000,21,Orlando Magic,100.07,99.39,0.68,97.73,102.01,101.65,0.37,0.473,0.47600000000000003,0.516,0.52,50.81,109.51,111.1,41.0,41.0
587,2000,22,Philadelphia 76ers,94.77,93.43,1.34,93.31,100.79,99.2,1.59,0.457,0.466,0.501,0.512,50.34,106.06,105.07,49.0,33.0
588,2000,23,Phoenix Suns,98.92,93.7,5.22,94.46,104.05,98.51,5.54,0.491,0.45399999999999996,0.532,0.503,50.31,115.73,101.17,53.0,29.0
589,2000,24,Portland Trailblazers,97.45,91.05,6.4,89.67,108.13,100.78,7.35,0.501,0.461,0.546,0.502,52.44,114.39,96.83,59.0,23.0
590,2000,25,Sacramento Kings,104.96,102.05,2.91,99.42,104.91,101.89,3.03,0.486,0.479,0.526,0.518,48.6,117.26,116.33,44.0,38.0
591,2000,26,San Antonio Spurs,96.17,90.23,5.94,91.07,104.67,98.08,6.59,0.488,0.451,0.535,0.491,51.41,113.13,98.35,53.0,29.0
592,2000,27,Toronto Raptors,97.17,97.33,-0.16,93.06,104.02,104.15,-0.13,0.46399999999999997,0.48,0.511,0.528,50.24,112.2,109.12,45.0,37.0
593,2000,28,Utah Jazz,96.51,92.05,4.46,89.82,107.05,102.33,4.72,0.49,0.47700000000000004,0.54,0.526,51.84,113.72,98.29,55.0,27.0
594,2000,29,Washington Wizards,96.6,99.88,-3.28,93.23,102.96,106.61,-3.65,0.47600000000000003,0.489,0.521,0.5379999999999999,50.89,105.99,112.35,29.0,53.0
595,1999,1,Portland Trailblazers,94.84,88.48,6.36,89.52,104.43,97.32,7.11,0.473,0.445,0.521,0.49200000000000005,52.51,108.64,92.96,35.0,15.0
596,1999,2,Phoenix Suns,95.58,93.32,2.26,90.42,105.26,102.87,2.4,0.48100000000000004,0.485,0.527,0.521,48.74,110.74,102.96,27.0,23.0
597,1999,3,Philadelphia 76ers,89.66,87.6,2.06,89.74,98.68,96.43,2.25,0.439,0.45399999999999996,0.494,0.503,51.63,99.32,94.2,28.0,22.0
598,1999,4,Orlando Magic,89.46,86.86,2.6,88.63,100.52,97.49,3.03,0.456,0.473,0.498,0.506,51.37,99.04,96.86,33.0,17.0
599,1999,5,Seattle SuperSonics,94.86,95.94,-1.08,90.15,104.36,105.66,-1.3,0.48100000000000004,0.489,0.519,0.527,50.0,102.98,108.12,25.0,25.0
600,1999,6,New York Knicks,86.4,85.38,1.02,86.92,98.59,97.31,1.28,0.46299999999999997,0.434,0.509,0.488,50.23,96.12,90.6,27.0,23.0
601,1999,7,Charlotte Hornets,92.88,92.98,-0.1,90.57,101.29,101.66,-0.38,0.485,0.461,0.537,0.508,47.9,105.2,104.46,26.0,24.0
602,1999,8,New Jersey Nets,91.38,95.16,-3.78,92.3,98.6,102.83,-4.23,0.434,0.48100000000000004,0.485,0.524,49.39,98.8,106.9,16.0,34.0
603,1999,9,Minnesota Timberwolves,92.94,92.56,0.38,91.71,101.13,100.89,0.24,0.439,0.467,0.48100000000000004,0.518,49.91,105.94,103.36,25.0,25.0
604,1999,10,Milwaukee Bucks,91.68,90.02,1.66,87.48,104.37,102.39,1.98,0.489,0.46299999999999997,0.53,0.518,48.55,102.62,97.9,28.0,22.0
605,1999,11,Miami Heat,88.98,84.02,4.96,85.02,104.44,98.45,5.98,0.494,0.439,0.54,0.48700000000000004,50.69,102.48,88.0,33.0,17.0
606,1999,12,Vancouver Grizzlies,88.86,97.52,-8.66,89.26,98.12,107.52,-9.4,0.447,0.49200000000000005,0.498,0.5379999999999999,48.57,92.66,115.42,8.0,42.0
607,1999,13,Los Angeles Lakers,99.0,95.98,3.02,91.7,107.52,104.06,3.46,0.498,0.46799999999999997,0.539,0.516,50.82,110.18,102.8,31.0,19.0
608,1999,14,Los Angeles Clippers,90.38,99.2,-8.82,89.84,99.56,109.16,-9.6,0.45399999999999996,0.503,0.49700000000000005,0.552,47.71,91.18,115.12,9.0,41.0
609,1999,15,Indiana Pacers,94.66,90.92,3.74,87.31,107.52,103.27,4.25,0.486,0.46,0.537,0.508,49.68,106.16,99.94,33.0,17.0
610,1999,16,Houston Rockets,94.22,91.9,2.32,89.1,105.09,102.52,2.57,0.506,0.461,0.545,0.499,50.25,107.12,102.26,31.0,19.0
611,1999,17,Golden State Warriors,88.32,90.82,-2.5,89.61,97.55,100.15,-2.61,0.434,0.445,0.47100000000000003,0.502,52.38,98.2,101.48,21.0,29.0
612,1999,18,Detroit Pistons,90.36,86.94,3.42,86.76,103.72,99.73,3.99,0.48,0.46799999999999997,0.528,0.515,51.17,101.38,95.68,29.0,21.0
613,1999,19,Denver Nuggets,93.48,100.08,-6.6,90.97,102.55,109.93,-7.39,0.45899999999999996,0.499,0.511,0.5429999999999999,49.0,99.94,116.6,14.0,36.0
614,1999,20,Dallas Mavericks,91.62,94.02,-2.4,89.24,102.03,104.72,-2.7,0.45899999999999996,0.47600000000000003,0.502,0.515,49.35,100.1,106.7,19.0,31.0
615,1999,21,Cleveland Cavaliers,86.44,88.16,-1.72,86.54,99.47,101.45,-1.98,0.46399999999999997,0.46799999999999997,0.52,0.519,47.25,95.62,98.76,22.0,28.0
616,1999,22,Chicago Bulls,81.9,91.36,-9.46,88.35,92.13,103.0,-10.87,0.424,0.483,0.47,0.527,48.14,86.24,107.34,13.0,37.0
617,1999,23,Boston Celtics,93.0,94.86,-1.86,92.11,99.72,102.18,-2.46,0.469,0.465,0.501,0.52,49.44,102.24,106.22,19.0,31.0
618,1999,24,Atlanta Hawks,86.3,83.4,2.9,85.86,99.88,96.26,3.62,0.436,0.43700000000000006,0.49200000000000005,0.48,52.72,91.38,88.82,31.0,19.0
619,1999,25,Sacramento Kings,100.18,100.6,-0.42,96.16,102.48,102.8,-0.32,0.479,0.47100000000000003,0.514,0.504,49.25,109.4,113.68,27.0,23.0
620,1999,26,San Antonio Spurs,92.8,84.74,8.06,88.81,103.85,94.56,9.3,0.479,0.423,0.523,0.46399999999999997,51.1,109.9,89.86,37.0,13.0
621,1999,27,Toronto Raptors,91.14,92.78,-1.64,89.44,101.27,103.0,-1.73,0.45,0.473,0.504,0.52,51.82,102.92,103.54,23.0,27.0
622,1999,28,Utah Jazz,93.32,86.8,6.52,87.37,105.28,98.26,7.02,0.485,0.441,0.545,0.489,51.68,110.66,90.46,37.0,13.0
623,1999,29,Washington Wizards,91.2,93.44,-2.24,90.03,100.89,103.34,-2.46,0.46799999999999997,0.474,0.507,0.525,48.35,98.92,105.08,18.0,32.0
624,1998,1,Atlanta Hawks,95.85,92.34,3.51,88.03,107.79,103.8,3.99,0.48100000000000004,0.46799999999999997,0.5329999999999999,0.506,52.14,108.56,101.0,50.0,32.0
625,1998,2,Boston Celtics,95.9,98.52,-2.62,93.8,101.98,104.99,-3.01,0.46399999999999997,0.504,0.504,0.562,48.35,104.1,110.16,36.0,46.0
626,1998,3,Charlotte Hornets,96.62,94.62,2.0,89.8,107.05,104.87,2.19,0.495,0.493,0.542,0.5329999999999999,50.78,110.71,104.65,51.0,31.0
627,1998,4,Chicago Bulls,96.72,89.61,7.11,89.28,107.38,99.55,7.83,0.473,0.457,0.516,0.5,53.07,113.01,94.73,62.0,20.0
628,1998,5,Cleveland Cavaliers,92.5,89.77,2.73,90.28,101.69,98.7,2.99,0.478,0.46,0.529,0.513,50.84,106.24,98.09,47.0,35.0
629,1998,6,Dallas Mavericks,91.39,97.5,-6.11,90.33,100.03,107.16,-7.13,0.45799999999999996,0.488,0.498,0.523,45.96,97.78,114.26,20.0,62.0
630,1998,7,Denver Nuggets,89.02,100.81,-11.78,90.03,98.64,111.75,-13.11,0.44,0.506,0.496,0.556,47.77,93.46,119.42,11.0,71.0
631,1998,8,Detroit Pistons,94.16,92.59,1.57,88.57,104.85,103.07,1.78,0.47200000000000003,0.474,0.523,0.521,50.42,103.56,102.96,37.0,45.0
632,1998,9,Golden State Warriors,88.26,97.38,-9.12,92.02,95.19,104.86,-9.67,0.42700000000000005,0.469,0.469,0.515,50.62,96.0,114.76,19.0,63.0
633,1998,10,Houston Rockets,98.77,99.52,-0.76,91.28,107.39,108.31,-0.92,0.496,0.499,0.544,0.537,49.78,108.65,113.68,41.0,41.0
634,1998,11,Indiana Pacers,96.02,89.94,6.09,88.45,107.75,100.83,6.91,0.502,0.45299999999999996,0.55,0.5,48.89,110.78,96.68,58.0,24.0
635,1998,12,Los Angeles Clippers,95.92,103.28,-7.37,92.55,103.11,111.13,-8.02,0.47700000000000004,0.498,0.518,0.541,47.68,100.26,118.87,17.0,65.0
636,1998,13,Los Angeles Lakers,105.51,97.77,7.74,93.66,111.8,103.65,8.15,0.519,0.467,0.5589999999999999,0.514,50.63,121.98,106.82,61.0,21.0
637,1998,14,Miami Heat,94.96,90.04,4.93,88.13,107.35,101.72,5.63,0.494,0.452,0.5379999999999999,0.504,51.17,108.46,97.02,55.0,27.0
638,1998,15,Milwaukee Bucks,94.49,96.4,-1.91,90.61,102.98,105.09,-2.12,0.475,0.485,0.527,0.536,50.08,102.98,106.78,36.0,46.0
639,1998,16,Minnesota Timberwolves,101.1,100.39,0.71,92.88,107.48,106.77,0.71,0.483,0.48,0.529,0.525,49.75,116.35,111.68,45.0,37.0
640,1998,17,New Jersey Nets,99.63,98.06,1.57,91.69,107.57,105.72,1.85,0.46299999999999997,0.499,0.513,0.545,50.63,107.71,109.21,43.0,39.0
641,1998,18,New York Knicks,91.57,89.11,2.46,88.41,102.79,99.99,2.81,0.47600000000000003,0.455,0.521,0.511,51.64,103.13,95.1,43.0,39.0
642,1998,19,Orlando Magic,90.09,91.16,-1.07,87.33,102.37,103.63,-1.26,0.452,0.478,0.499,0.516,50.18,98.27,103.78,41.0,41.0
643,1998,20,Philadelphia 76ers,93.31,95.7,-2.39,91.19,101.93,104.63,-2.7,0.462,0.48100000000000004,0.514,0.528,49.73,104.09,110.85,31.0,51.0
644,1998,21,Phoenix Suns,99.59,94.4,5.18,91.37,107.49,101.78,5.72,0.5,0.47100000000000003,0.54,0.515,50.36,117.84,102.85,56.0,26.0
645,1998,22,Portland Trailblazers,94.32,92.92,1.4,90.31,103.65,102.09,1.56,0.47600000000000003,0.46,0.524,0.507,52.9,106.43,101.84,46.0,36.0
646,1998,23,Sacramento Kings,93.13,98.72,-5.59,92.53,100.39,106.39,-5.99,0.46399999999999997,0.48200000000000004,0.502,0.526,47.94,100.92,113.99,27.0,55.0
647,1998,24,San Antonio Spurs,92.52,88.54,3.99,88.42,103.85,98.86,4.99,0.493,0.43700000000000006,0.531,0.483,52.68,108.57,94.62,56.0,26.0
648,1998,25,Seattle SuperSonics,100.56,93.39,7.17,89.73,111.64,103.78,7.86,0.521,0.478,0.5579999999999999,0.519,47.74,115.35,103.98,61.0,21.0
649,1998,26,Toronto Raptors,94.89,104.16,-9.27,93.16,100.58,110.62,-10.04,0.46299999999999997,0.508,0.504,0.545,46.91,104.09,124.68,16.0,66.0
650,1998,27,Utah Jazz,100.96,94.43,6.54,89.45,112.3,104.86,7.44,0.51,0.47100000000000003,0.569,0.524,52.92,119.92,100.5,62.0,20.0
651,1998,28,Vancouver Grizzlies,96.62,103.93,-7.31,92.61,103.54,111.43,-7.89,0.48200000000000004,0.507,0.527,0.5479999999999999,49.21,106.9,124.71,19.0,63.0
652,1998,29,Washington Wizards,97.18,96.6,0.59,91.88,105.1,104.28,0.83,0.47600000000000003,0.48200000000000004,0.514,0.528,49.75,108.42,106.84,42.0,40.0
653,1997,1,Atlanta Hawks,94.81,89.37,5.44,87.35,107.79,101.55,6.24,0.498,0.47200000000000003,0.542,0.51,50.77,106.0,96.4,56.0,26.0
654,1997,2,Boston Celtics,100.59,107.92,-7.33,95.93,103.67,111.49,-7.82,0.474,0.539,0.52,0.575,47.47,106.13,128.35,15.0,67.0
655,1997,3,Charlotte Hornets,98.88,97.01,1.87,88.97,110.43,108.06,2.38,0.518,0.496,0.562,0.5329999999999999,49.04,113.83,106.68,54.0,28.0
656,1997,4,Chicago Bulls,103.15,92.34,10.81,90.35,113.79,101.69,12.1,0.511,0.47100000000000003,0.547,0.509,52.88,123.87,96.67,69.0,13.0
657,1997,5,Cleveland Cavaliers,87.48,85.63,1.84,82.99,104.47,102.08,2.39,0.493,0.48200000000000004,0.531,0.534,50.3,98.16,92.93,42.0,40.0
658,1997,6,Dallas Mavericks,90.59,96.95,-6.37,89.41,100.6,107.83,-7.23,0.469,0.5,0.509,0.542,48.36,97.12,111.73,24.0,58.0
659,1997,7,Denver Nuggets,97.81,104.09,-6.28,92.79,104.01,110.77,-6.77,0.486,0.501,0.53,0.539,49.29,107.56,120.06,21.0,61.0
660,1997,8,Detroit Pistons,94.18,88.94,5.24,84.76,110.28,103.89,6.39,0.512,0.48700000000000004,0.5539999999999999,0.524,49.39,104.67,97.95,54.0,28.0
661,1997,9,Golden State Warriors,99.62,104.35,-4.73,92.42,106.58,111.51,-4.93,0.493,0.518,0.5429999999999999,0.5589999999999999,49.87,108.51,121.82,30.0,52.0
662,1997,10,Houston Rockets,100.59,96.11,4.48,91.69,108.74,104.12,4.62,0.52,0.48100000000000004,0.56,0.516,50.96,116.34,106.63,57.0,25.0
663,1997,11,Indiana Pacers,95.35,94.38,0.98,89.34,105.39,104.38,1.01,0.49,0.48,0.537,0.529,51.15,105.35,104.26,39.0,43.0
664,1997,12,Los Angeles Clippers,97.18,99.54,-2.35,91.41,104.98,107.25,-2.27,0.48200000000000004,0.499,0.524,0.547,48.78,105.11,111.04,36.0,46.0
665,1997,13,Los Angeles Lakers,100.0,95.73,4.27,91.57,107.84,103.29,4.55,0.496,0.478,0.535,0.52,50.2,113.94,105.13,56.0,26.0
666,1997,14,Miami Heat,94.83,89.34,5.49,88.6,106.36,100.27,6.09,0.507,0.465,0.546,0.512,50.28,106.43,95.4,61.0,21.0
667,1997,15,Milwaukee Bucks,95.34,97.23,-1.89,89.77,105.94,108.18,-2.25,0.496,0.501,0.541,0.545,49.89,103.77,109.77,33.0,49.0
668,1997,16,Minnesota Timberwolves,96.12,97.6,-1.48,91.03,105.07,106.78,-1.71,0.485,0.486,0.5329999999999999,0.534,48.7,109.02,109.4,40.0,42.0
669,1997,17,New Jersey Nets,97.24,101.81,-4.56,93.19,103.83,108.83,-5.0,0.456,0.503,0.499,0.546,51.76,107.2,117.6,26.0,56.0
670,1997,18,New York Knicks,95.35,92.23,3.12,90.6,104.24,100.49,3.75,0.501,0.46299999999999997,0.546,0.516,52.7,107.6,95.16,57.0,25.0
671,1997,19,Orlando Magic,94.13,94.49,-0.35,88.89,104.96,105.57,-0.61,0.48100000000000004,0.495,0.524,0.5329999999999999,48.63,102.42,108.54,45.0,37.0
672,1997,20,Philadelphia 76ers,100.18,106.72,-6.54,96.18,103.58,110.45,-6.87,0.47,0.51,0.518,0.5479999999999999,49.88,106.16,124.77,22.0,60.0
673,1997,21,Phoenix Suns,102.82,102.16,0.66,93.5,109.0,108.52,0.47,0.508,0.507,0.552,0.545,48.4,116.46,115.95,40.0,42.0
674,1997,22,Portland Trailblazers,98.95,94.78,4.17,91.03,107.74,103.17,4.57,0.503,0.47100000000000003,0.544,0.522,53.01,110.09,101.0,49.0,33.0
675,1997,23,Sacramento Kings,96.44,99.82,-3.38,91.32,104.67,108.38,-3.71,0.485,0.495,0.526,0.542,50.02,104.94,111.79,34.0,48.0
676,1997,24,San Antonio Spurs,90.46,98.34,-7.88,87.49,103.14,112.11,-8.97,0.47200000000000003,0.514,0.512,0.5539999999999999,49.09,98.74,115.11,20.0,62.0
677,1997,25,Seattle SuperSonics,100.88,93.16,7.72,90.64,110.74,102.37,8.36,0.51,0.49,0.557,0.534,50.08,116.87,100.42,57.0,25.0
678,1997,26,Toronto Raptors,95.48,98.6,-3.12,91.01,104.11,107.7,-3.59,0.48100000000000004,0.504,0.521,0.547,50.03,104.79,112.34,30.0,52.0
679,1997,27,Utah Jazz,103.1,94.31,8.79,90.03,113.64,103.77,9.87,0.531,0.48,0.581,0.534,51.9,125.09,98.02,64.0,18.0
680,1997,28,Vancouver Grizzlies,89.18,99.42,-10.23,88.78,99.95,111.46,-11.51,0.47100000000000003,0.51,0.507,0.5479999999999999,46.67,98.89,118.54,14.0,68.0
681,1997,29,Washington Wizards,99.35,97.73,1.62,92.34,106.65,104.61,2.04,0.505,0.491,0.54,0.5329999999999999,50.54,113.49,105.07,44.0,38.0
